1.000000e-15 1.384796e-06
1.010000e-15 1.384796e-06
1.020100e-15 1.384796e-06
1.030301e-15 1.384796e-06
1.040604e-15 1.384796e-06
1.051010e-15 1.384796e-06
1.061520e-15 1.384796e-06
1.072135e-15 1.384796e-06
1.082857e-15 1.384796e-06
1.093685e-15 1.384796e-06
1.104622e-15 1.384796e-06
1.115668e-15 1.384796e-06
1.126825e-15 1.384796e-06
1.138093e-15 1.384796e-06
1.149474e-15 1.384796e-06
1.160969e-15 1.384796e-06
1.172579e-15 1.384796e-06
1.184304e-15 1.384796e-06
1.196147e-15 1.384796e-06
1.208109e-15 1.384796e-06
1.220190e-15 1.384796e-06
1.232392e-15 1.384796e-06
1.244716e-15 1.384796e-06
1.257163e-15 1.384796e-06
1.269735e-15 1.384796e-06
1.282432e-15 1.384796e-06
1.295256e-15 1.384796e-06
1.308209e-15 1.384796e-06
1.321291e-15 1.384796e-06
1.334504e-15 1.384796e-06
1.347849e-15 1.384796e-06
1.361327e-15 1.384796e-06
1.374941e-15 1.384796e-06
1.388690e-15 1.384796e-06
1.402577e-15 1.384796e-06
1.416603e-15 1.384796e-06
1.430769e-15 1.384796e-06
1.445076e-15 1.384796e-06
1.459527e-15 1.384796e-06
1.474123e-15 1.384796e-06
1.488864e-15 1.384796e-06
1.503752e-15 1.384796e-06
1.518790e-15 1.384796e-06
1.533978e-15 1.384796e-06
1.549318e-15 1.384796e-06
1.564811e-15 1.384796e-06
1.580459e-15 1.384796e-06
1.596263e-15 1.384796e-06
1.612226e-15 1.384796e-06
1.628348e-15 1.384796e-06
1.644632e-15 1.384796e-06
1.661078e-15 1.384796e-06
1.677689e-15 1.384796e-06
1.694466e-15 1.384796e-06
1.711410e-15 1.384796e-06
1.728525e-15 1.384796e-06
1.745810e-15 1.384796e-06
1.763268e-15 1.384796e-06
1.780901e-15 1.384796e-06
1.798710e-15 1.384796e-06
1.816697e-15 1.384796e-06
1.834864e-15 1.384796e-06
1.853212e-15 1.384796e-06
1.871744e-15 1.384796e-06
1.890462e-15 1.384796e-06
1.909366e-15 1.384796e-06
1.928460e-15 1.384796e-06
1.947745e-15 1.384796e-06
1.967222e-15 1.384796e-06
1.986894e-15 1.384796e-06
2.006763e-15 1.384796e-06
2.026831e-15 1.384796e-06
2.047099e-15 1.384796e-06
2.067570e-15 1.384796e-06
2.088246e-15 1.384796e-06
2.109128e-15 1.384796e-06
2.130220e-15 1.384796e-06
2.151522e-15 1.384796e-06
2.173037e-15 1.384796e-06
2.194768e-15 1.384796e-06
2.216715e-15 1.384796e-06
2.238882e-15 1.384796e-06
2.261271e-15 1.384796e-06
2.283884e-15 1.384796e-06
2.306723e-15 1.384796e-06
2.329790e-15 1.384796e-06
2.353088e-15 1.384796e-06
2.376619e-15 1.384796e-06
2.400385e-15 1.384796e-06
2.424389e-15 1.384796e-06
2.448633e-15 1.384796e-06
2.473119e-15 1.384796e-06
2.497850e-15 1.384796e-06
2.522829e-15 1.384796e-06
2.548057e-15 1.384796e-06
2.573538e-15 1.384796e-06
2.599273e-15 1.384796e-06
2.625266e-15 1.384796e-06
2.651518e-15 1.384796e-06
2.678033e-15 1.384796e-06
2.704814e-15 1.384796e-06
2.731862e-15 1.384796e-06
2.759181e-15 1.384796e-06
2.786772e-15 1.384796e-06
2.814640e-15 1.384796e-06
2.842787e-15 1.384796e-06
2.871214e-15 1.384796e-06
2.899927e-15 1.384796e-06
2.928926e-15 1.384796e-06
2.958215e-15 1.384796e-06
2.987797e-15 1.384796e-06
3.017675e-15 1.384796e-06
3.047852e-15 1.384796e-06
3.078330e-15 1.384796e-06
3.109114e-15 1.384796e-06
3.140205e-15 1.384796e-06
3.171607e-15 1.384796e-06
3.203323e-15 1.384796e-06
3.235356e-15 1.384796e-06
3.267710e-15 1.384796e-06
3.300387e-15 1.384796e-06
3.333391e-15 1.384796e-06
3.366725e-15 1.384796e-06
3.400392e-15 1.384796e-06
3.434396e-15 1.384796e-06
3.468740e-15 1.384796e-06
3.503427e-15 1.384796e-06
3.538461e-15 1.384796e-06
3.573846e-15 1.384796e-06
3.609585e-15 1.384796e-06
3.645680e-15 1.384796e-06
3.682137e-15 1.384796e-06
3.718959e-15 1.384796e-06
3.756148e-15 1.384796e-06
3.793710e-15 1.384796e-06
3.831647e-15 1.384796e-06
3.869963e-15 1.384796e-06
3.908663e-15 1.384796e-06
3.947749e-15 1.384796e-06
3.987227e-15 1.384796e-06
4.027099e-15 1.384796e-06
4.067370e-15 1.384796e-06
4.108044e-15 1.384796e-06
4.149124e-15 1.384796e-06
4.190616e-15 1.384796e-06
4.232522e-15 1.384796e-06
4.274847e-15 1.384796e-06
4.317595e-15 1.384796e-06
4.360771e-15 1.384796e-06
4.404379e-15 1.384796e-06
4.448423e-15 1.384796e-06
4.492907e-15 1.384796e-06
4.537836e-15 1.384796e-06
4.583215e-15 1.384796e-06
4.629047e-15 1.384796e-06
4.675337e-15 1.384796e-06
4.722091e-15 1.384796e-06
4.769311e-15 1.384796e-06
4.817005e-15 1.384796e-06
4.865175e-15 1.384796e-06
4.913826e-15 1.384796e-06
4.962965e-15 1.384796e-06
5.012594e-15 1.384796e-06
5.062720e-15 1.384796e-06
5.113347e-15 1.384796e-06
5.164481e-15 1.384796e-06
5.216126e-15 1.384796e-06
5.268287e-15 1.384796e-06
5.320970e-15 1.384796e-06
5.374180e-15 1.384796e-06
5.427921e-15 1.384796e-06
5.482201e-15 1.384796e-06
5.537023e-15 1.384796e-06
5.592393e-15 1.384796e-06
5.648317e-15 1.384796e-06
5.704800e-15 1.384796e-06
5.761848e-15 1.384796e-06
5.819466e-15 1.384796e-06
5.877661e-15 1.384796e-06
5.936438e-15 1.384796e-06
5.995802e-15 1.384796e-06
6.055760e-15 1.384796e-06
6.116318e-15 1.384796e-06
6.177481e-15 1.384796e-06
6.239256e-15 1.384796e-06
6.301648e-15 1.384796e-06
6.364665e-15 1.384796e-06
6.428311e-15 1.384796e-06
6.492594e-15 1.384796e-06
6.557520e-15 1.384796e-06
6.623096e-15 1.384796e-06
6.689326e-15 1.384796e-06
6.756220e-15 1.384796e-06
6.823782e-15 1.384796e-06
6.892020e-15 1.384796e-06
6.960940e-15 1.384796e-06
7.030549e-15 1.384796e-06
7.100855e-15 1.384796e-06
7.171863e-15 1.384796e-06
7.243582e-15 1.384796e-06
7.316018e-15 1.384796e-06
7.389178e-15 1.384796e-06
7.463070e-15 1.384796e-06
7.537701e-15 1.384796e-06
7.613078e-15 1.384796e-06
7.689208e-15 1.384796e-06
7.766100e-15 1.384796e-06
7.843761e-15 1.384796e-06
7.922199e-15 1.384796e-06
8.001421e-15 1.384796e-06
8.081435e-15 1.384796e-06
8.162250e-15 1.384796e-06
8.243872e-15 1.384796e-06
8.326311e-15 1.384796e-06
8.409574e-15 1.384796e-06
8.493670e-15 1.384796e-06
8.578606e-15 1.384796e-06
8.664392e-15 1.384796e-06
8.751036e-15 1.384796e-06
8.838547e-15 1.384796e-06
8.926932e-15 1.384796e-06
9.016201e-15 1.384796e-06
9.106363e-15 1.384796e-06
9.197427e-15 1.384796e-06
9.289401e-15 1.384796e-06
9.382295e-15 1.384796e-06
9.476118e-15 1.384796e-06
9.570880e-15 1.384796e-06
9.666588e-15 1.384796e-06
9.763254e-15 1.384796e-06
9.860887e-15 1.384796e-06
9.959496e-15 1.384796e-06
1.005909e-14 1.384796e-06
1.015968e-14 1.384796e-06
1.026128e-14 1.384796e-06
1.036389e-14 1.384796e-06
1.046753e-14 1.384796e-06
1.057221e-14 1.384796e-06
1.067793e-14 1.384796e-06
1.078471e-14 1.384796e-06
1.089255e-14 1.384796e-06
1.100148e-14 1.384796e-06
1.111149e-14 1.384796e-06
1.122261e-14 1.384796e-06
1.133484e-14 1.384796e-06
1.144818e-14 1.384796e-06
1.156267e-14 1.384796e-06
1.167829e-14 1.384796e-06
1.179507e-14 1.384796e-06
1.191303e-14 1.384796e-06
1.203216e-14 1.384796e-06
1.215248e-14 1.384796e-06
1.227400e-14 1.384796e-06
1.239674e-14 1.384796e-06
1.252071e-14 1.384796e-06
1.264592e-14 1.384796e-06
1.277238e-14 1.384796e-06
1.290010e-14 1.384796e-06
1.302910e-14 1.384796e-06
1.315939e-14 1.384796e-06
1.329099e-14 1.384796e-06
1.342390e-14 1.384796e-06
1.355813e-14 1.384796e-06
1.369372e-14 1.384796e-06
1.383065e-14 1.384796e-06
1.396896e-14 1.384796e-06
1.410865e-14 1.384796e-06
1.424974e-14 1.384796e-06
1.439223e-14 1.384796e-06
1.453616e-14 1.384796e-06
1.468152e-14 1.384796e-06
1.482833e-14 1.384796e-06
1.497662e-14 1.384796e-06
1.512638e-14 1.384796e-06
1.527765e-14 1.384796e-06
1.543042e-14 1.384796e-06
1.558473e-14 1.384796e-06
1.574057e-14 1.384796e-06
1.589798e-14 1.384796e-06
1.605696e-14 1.384796e-06
1.621753e-14 1.384796e-06
1.637970e-14 1.384796e-06
1.654350e-14 1.384796e-06
1.670894e-14 1.384796e-06
1.687602e-14 1.384796e-06
1.704479e-14 1.384796e-06
1.721523e-14 1.384796e-06
1.738739e-14 1.384796e-06
1.756126e-14 1.384796e-06
1.773687e-14 1.384796e-06
1.791424e-14 1.384796e-06
1.809338e-14 1.384796e-06
1.827432e-14 1.384796e-06
1.845706e-14 1.384796e-06
1.864163e-14 1.384796e-06
1.882805e-14 1.384796e-06
1.901633e-14 1.384796e-06
1.920649e-14 1.384796e-06
1.939856e-14 1.384796e-06
1.959254e-14 1.384796e-06
1.978847e-14 1.384796e-06
1.998635e-14 1.384796e-06
2.018621e-14 1.384796e-06
2.038808e-14 1.384796e-06
2.059196e-14 1.384796e-06
2.079788e-14 1.384796e-06
2.100586e-14 1.384796e-06
2.121591e-14 1.384796e-06
2.142807e-14 1.384796e-06
2.164235e-14 1.384796e-06
2.185878e-14 1.384796e-06
2.207737e-14 1.384796e-06
2.229814e-14 1.384796e-06
2.252112e-14 1.384796e-06
2.274633e-14 1.384796e-06
2.297380e-14 1.384796e-06
2.320353e-14 1.384796e-06
2.343557e-14 1.384796e-06
2.366992e-14 1.384796e-06
2.390662e-14 1.384796e-06
2.414569e-14 1.384796e-06
2.438715e-14 1.384796e-06
2.463102e-14 1.384796e-06
2.487733e-14 1.384796e-06
2.512610e-14 1.384796e-06
2.537736e-14 1.384796e-06
2.563114e-14 1.384796e-06
2.588745e-14 1.384796e-06
2.614632e-14 1.384796e-06
2.640778e-14 1.384796e-06
2.667186e-14 1.384796e-06
2.693858e-14 1.384796e-06
2.720797e-14 1.384796e-06
2.748005e-14 1.384796e-06
2.775485e-14 1.384796e-06
2.803240e-14 1.384796e-06
2.831272e-14 1.384796e-06
2.859585e-14 1.384796e-06
2.888181e-14 1.384796e-06
2.917062e-14 1.384796e-06
2.946233e-14 1.384796e-06
2.975695e-14 1.384796e-06
3.005452e-14 1.384796e-06
3.035507e-14 1.384796e-06
3.065862e-14 1.384796e-06
3.096520e-14 1.384796e-06
3.127486e-14 1.384796e-06
3.158761e-14 1.384796e-06
3.190348e-14 1.384796e-06
3.222252e-14 1.384796e-06
3.254474e-14 1.384796e-06
3.287019e-14 1.384796e-06
3.319889e-14 1.384796e-06
3.353088e-14 1.384796e-06
3.386619e-14 1.384796e-06
3.420485e-14 1.384796e-06
3.454690e-14 1.384796e-06
3.489237e-14 1.384796e-06
3.524129e-14 1.384796e-06
3.559370e-14 1.384796e-06
3.594964e-14 1.384796e-06
3.630914e-14 1.384796e-06
3.667223e-14 1.384796e-06
3.703895e-14 1.384796e-06
3.740934e-14 1.384796e-06
3.778343e-14 1.384796e-06
3.816127e-14 1.384796e-06
3.854288e-14 1.384796e-06
3.892831e-14 1.384796e-06
3.931759e-14 1.384796e-06
3.971077e-14 1.384796e-06
4.010788e-14 1.384796e-06
4.050896e-14 1.384796e-06
4.091405e-14 1.384796e-06
4.132319e-14 1.384796e-06
4.173642e-14 1.384796e-06
4.215378e-14 1.384796e-06
4.257532e-14 1.384796e-06
4.300107e-14 1.384796e-06
4.343108e-14 1.384796e-06
4.386539e-14 1.384796e-06
4.430405e-14 1.384796e-06
4.474709e-14 1.384796e-06
4.519456e-14 1.384796e-06
4.564651e-14 1.384796e-06
4.610297e-14 1.384796e-06
4.656400e-14 1.384796e-06
4.702964e-14 1.384796e-06
4.749994e-14 1.384796e-06
4.797494e-14 1.384796e-06
4.845469e-14 1.384796e-06
4.893923e-14 1.384796e-06
4.942862e-14 1.384796e-06
4.992291e-14 1.384796e-06
5.042214e-14 1.384796e-06
5.092636e-14 1.384796e-06
5.143562e-14 1.384796e-06
5.194998e-14 1.384796e-06
5.246948e-14 1.384796e-06
5.299418e-14 1.384796e-06
5.352412e-14 1.384796e-06
5.405936e-14 1.384796e-06
5.459995e-14 1.384796e-06
5.514595e-14 1.384796e-06
5.569741e-14 1.384796e-06
5.625439e-14 1.384796e-06
5.681693e-14 1.384796e-06
5.738510e-14 1.384796e-06
5.795895e-14 1.384796e-06
5.853854e-14 1.384796e-06
5.912392e-14 1.384796e-06
5.971516e-14 1.384796e-06
6.031231e-14 1.384796e-06
6.091544e-14 1.384796e-06
6.152459e-14 1.384796e-06
6.213984e-14 1.384796e-06
6.276124e-14 1.384796e-06
6.338885e-14 1.384796e-06
6.402274e-14 1.384796e-06
6.466297e-14 1.384796e-06
6.530959e-14 1.384796e-06
6.596269e-14 1.384796e-06
6.662232e-14 1.384796e-06
6.728854e-14 1.384796e-06
6.796143e-14 1.384796e-06
6.864104e-14 1.384796e-06
6.932745e-14 1.384796e-06
7.002073e-14 1.384796e-06
7.072093e-14 1.384796e-06
7.142814e-14 1.384796e-06
7.214242e-14 1.384796e-06
7.286385e-14 1.384796e-06
7.359249e-14 1.384796e-06
7.432841e-14 1.384796e-06
7.507170e-14 1.384796e-06
7.582241e-14 1.384796e-06
7.658064e-14 1.384796e-06
7.734644e-14 1.384796e-06
7.811991e-14 1.384796e-06
7.890111e-14 1.384796e-06
7.969012e-14 1.384796e-06
8.048702e-14 1.384796e-06
8.129189e-14 1.384796e-06
8.210481e-14 1.384796e-06
8.292586e-14 1.384796e-06
8.375511e-14 1.384796e-06
8.459266e-14 1.384796e-06
8.543859e-14 1.384796e-06
8.629298e-14 1.384796e-06
8.715591e-14 1.384796e-06
8.802747e-14 1.384796e-06
8.890774e-14 1.384796e-06
8.979682e-14 1.384796e-06
9.069479e-14 1.384796e-06
9.160173e-14 1.384796e-06
9.251775e-14 1.384796e-06
9.344293e-14 1.384796e-06
9.437736e-14 1.384796e-06
9.532113e-14 1.384796e-06
9.627434e-14 1.384796e-06
9.723709e-14 1.384796e-06
9.820946e-14 1.384796e-06
9.919155e-14 1.384796e-06
1.001835e-13 1.384796e-06
1.011853e-13 1.384796e-06
1.021972e-13 1.384796e-06
1.032191e-13 1.384796e-06
1.042513e-13 1.384796e-06
1.052938e-13 1.384796e-06
1.063468e-13 1.384796e-06
1.074102e-13 1.384796e-06
1.084843e-13 1.384796e-06
1.095692e-13 1.384796e-06
1.106649e-13 1.384796e-06
1.117715e-13 1.384796e-06
1.128892e-13 1.384796e-06
1.140181e-13 1.384796e-06
1.151583e-13 1.384796e-06
1.163099e-13 1.384796e-06
1.174730e-13 1.384796e-06
1.186477e-13 1.384796e-06
1.198342e-13 1.384796e-06
1.210325e-13 1.384796e-06
1.222429e-13 1.384796e-06
1.234653e-13 1.384796e-06
1.247000e-13 1.384796e-06
1.259470e-13 1.384796e-06
1.272064e-13 1.384796e-06
1.284785e-13 1.384796e-06
1.297633e-13 1.384796e-06
1.310609e-13 1.384796e-06
1.323715e-13 1.384796e-06
1.336952e-13 1.384796e-06
1.350322e-13 1.384796e-06
1.363825e-13 1.384796e-06
1.377463e-13 1.384796e-06
1.391238e-13 1.384796e-06
1.405150e-13 1.384796e-06
1.419202e-13 1.384796e-06
1.433394e-13 1.384796e-06
1.447728e-13 1.384796e-06
1.462205e-13 1.384796e-06
1.476827e-13 1.384796e-06
1.491595e-13 1.384796e-06
1.506511e-13 1.384796e-06
1.521576e-13 1.384796e-06
1.536792e-13 1.384796e-06
1.552160e-13 1.384796e-06
1.567682e-13 1.384796e-06
1.583358e-13 1.384796e-06
1.599192e-13 1.384796e-06
1.615184e-13 1.384796e-06
1.631336e-13 1.384796e-06
1.647649e-13 1.384796e-06
1.664126e-13 1.384796e-06
1.680767e-13 1.384796e-06
1.697575e-13 1.384796e-06
1.714550e-13 1.384796e-06
1.731696e-13 1.384796e-06
1.749013e-13 1.384796e-06
1.766503e-13 1.384796e-06
1.784168e-13 1.384796e-06
1.802010e-13 1.384796e-06
1.820030e-13 1.384796e-06
1.838230e-13 1.384796e-06
1.856612e-13 1.384796e-06
1.875178e-13 1.384796e-06
1.893930e-13 1.384796e-06
1.912870e-13 1.384796e-06
1.931998e-13 1.384796e-06
1.951318e-13 1.384796e-06
1.970831e-13 1.384796e-06
1.990540e-13 1.384796e-06
2.010445e-13 1.384796e-06
2.030550e-13 1.384796e-06
2.050855e-13 1.384796e-06
2.071364e-13 1.384796e-06
2.092077e-13 1.384796e-06
2.112998e-13 1.384796e-06
2.134128e-13 1.384796e-06
2.155469e-13 1.384796e-06
2.177024e-13 1.384796e-06
2.198794e-13 1.384796e-06
2.220782e-13 1.384796e-06
2.242990e-13 1.384796e-06
2.265420e-13 1.384796e-06
2.288074e-13 1.384796e-06
2.310955e-13 1.384796e-06
2.334064e-13 1.384796e-06
2.357405e-13 1.384796e-06
2.380979e-13 1.384796e-06
2.404789e-13 1.384796e-06
2.428837e-13 1.384796e-06
2.453125e-13 1.384796e-06
2.477656e-13 1.384796e-06
2.502433e-13 1.384796e-06
2.527457e-13 1.384796e-06
2.552732e-13 1.384796e-06
2.578259e-13 1.384796e-06
2.604042e-13 1.384796e-06
2.630082e-13 1.384796e-06
2.656383e-13 1.384796e-06
2.682947e-13 1.384796e-06
2.709776e-13 1.384796e-06
2.736874e-13 1.384796e-06
2.764243e-13 1.384796e-06
2.791885e-13 1.384796e-06
2.819804e-13 1.384796e-06
2.848002e-13 1.384796e-06
2.876482e-13 1.384796e-06
2.905247e-13 1.384796e-06
2.934299e-13 1.384796e-06
2.963642e-13 1.384796e-06
2.993279e-13 1.384796e-06
3.023212e-13 1.384796e-06
3.053444e-13 1.384796e-06
3.083978e-13 1.384796e-06
3.114818e-13 1.384796e-06
3.145966e-13 1.384796e-06
3.177426e-13 1.384796e-06
3.209200e-13 1.384796e-06
3.241292e-13 1.384796e-06
3.273705e-13 1.384796e-06
3.306442e-13 1.384796e-06
3.339506e-13 1.384796e-06
3.372902e-13 1.384796e-06
3.406631e-13 1.384796e-06
3.440697e-13 1.384796e-06
3.475104e-13 1.384796e-06
3.509855e-13 1.384796e-06
3.544953e-13 1.384796e-06
3.580403e-13 1.384796e-06
3.616207e-13 1.384796e-06
3.652369e-13 1.384796e-06
3.688893e-13 1.384796e-06
3.725782e-13 1.384796e-06
3.763039e-13 1.384796e-06
3.800670e-13 1.384796e-06
3.838677e-13 1.384796e-06
3.877063e-13 1.384796e-06
3.915834e-13 1.384796e-06
3.954992e-13 1.384796e-06
3.994542e-13 1.384796e-06
4.034488e-13 1.384796e-06
4.074833e-13 1.384796e-06
4.115581e-13 1.384796e-06
4.156737e-13 1.384796e-06
4.198304e-13 1.384796e-06
4.240287e-13 1.384796e-06
4.282690e-13 1.384796e-06
4.325517e-13 1.384796e-06
4.368772e-13 1.384796e-06
4.412460e-13 1.384796e-06
4.456584e-13 1.384796e-06
4.501150e-13 1.384796e-06
4.546162e-13 1.384796e-06
4.591623e-13 1.384796e-06
4.637540e-13 1.384796e-06
4.683915e-13 1.384796e-06
4.730754e-13 1.384796e-06
4.778062e-13 1.384796e-06
4.825842e-13 1.384796e-06
4.874101e-13 1.384796e-06
4.922842e-13 1.384796e-06
4.972070e-13 1.384796e-06
5.021791e-13 1.384796e-06
5.072009e-13 1.384796e-06
5.122729e-13 1.384796e-06
5.173956e-13 1.384796e-06
5.225696e-13 1.384796e-06
5.277953e-13 1.384796e-06
5.330732e-13 1.384796e-06
5.384039e-13 1.384796e-06
5.437880e-13 1.384796e-06
5.492259e-13 1.384796e-06
5.547181e-13 1.384796e-06
5.602653e-13 1.384796e-06
5.658680e-13 1.384796e-06
5.715266e-13 1.384796e-06
5.772419e-13 1.384796e-06
5.830143e-13 1.384796e-06
5.888445e-13 1.384796e-06
5.947329e-13 1.384796e-06
6.006802e-13 1.384796e-06
6.066870e-13 1.384796e-06
6.127539e-13 1.384796e-06
6.188814e-13 1.384796e-06
6.250703e-13 1.384796e-06
6.313210e-13 1.384796e-06
6.376342e-13 1.384796e-06
6.440105e-13 1.384796e-06
6.504506e-13 1.384796e-06
6.569551e-13 1.384796e-06
6.635247e-13 1.384796e-06
6.701599e-13 1.384796e-06
6.768615e-13 1.384796e-06
6.836301e-13 1.384796e-06
6.904664e-13 1.384796e-06
6.973711e-13 1.384796e-06
7.043448e-13 1.384796e-06
7.113883e-13 1.384796e-06
7.185021e-13 1.384796e-06
7.256872e-13 1.384796e-06
7.329440e-13 1.384796e-06
7.402735e-13 1.384796e-06
7.476762e-13 1.384796e-06
7.551530e-13 1.384796e-06
7.627045e-13 1.384796e-06
7.703316e-13 1.384796e-06
7.780349e-13 1.384796e-06
7.858152e-13 1.384796e-06
7.936734e-13 1.384796e-06
8.016101e-13 1.384796e-06
8.096262e-13 1.384796e-06
8.177225e-13 1.384796e-06
8.258997e-13 1.384796e-06
8.341587e-13 1.384796e-06
8.425003e-13 1.384796e-06
8.509253e-13 1.384796e-06
8.594345e-13 1.384796e-06
8.680289e-13 1.384796e-06
8.767092e-13 1.384796e-06
8.854763e-13 1.384796e-06
8.943310e-13 1.384796e-06
9.032743e-13 1.384796e-06
9.123071e-13 1.384796e-06
9.214301e-13 1.384796e-06
9.306444e-13 1.384796e-06
9.399509e-13 1.384796e-06
9.493504e-13 1.384796e-06
9.588439e-13 1.384796e-06
9.684323e-13 1.384796e-06
9.781167e-13 1.384796e-06
9.878978e-13 1.384796e-06
9.977768e-13 1.384796e-06
1.007755e-12 1.384796e-06
1.017832e-12 1.384796e-06
1.028010e-12 1.384796e-06
1.038291e-12 1.384796e-06
1.048673e-12 1.384796e-06
1.059160e-12 1.384796e-06
1.069752e-12 1.384796e-06
1.080449e-12 1.384796e-06
1.091254e-12 1.384796e-06
1.102166e-12 1.384796e-06
1.113188e-12 1.384796e-06
1.124320e-12 1.384796e-06
1.135563e-12 1.384796e-06
1.146919e-12 1.384796e-06
1.158388e-12 1.384796e-06
1.169972e-12 1.384796e-06
1.181671e-12 1.384796e-06
1.193488e-12 1.384796e-06
1.205423e-12 1.384796e-06
1.217477e-12 1.384796e-06
1.229652e-12 1.384796e-06
1.241949e-12 1.384796e-06
1.254368e-12 1.384796e-06
1.266912e-12 1.384796e-06
1.279581e-12 1.384796e-06
1.292377e-12 1.384796e-06
1.305300e-12 1.384796e-06
1.318353e-12 1.384796e-06
1.331537e-12 1.384796e-06
1.344852e-12 1.384796e-06
1.358301e-12 1.384796e-06
1.371884e-12 1.384796e-06
1.385603e-12 1.384796e-06
1.399459e-12 1.384796e-06
1.413453e-12 1.384796e-06
1.427588e-12 1.384796e-06
1.441864e-12 1.384796e-06
1.456282e-12 1.384796e-06
1.470845e-12 1.384796e-06
1.485554e-12 1.384796e-06
1.500409e-12 1.384796e-06
1.515413e-12 1.384796e-06
1.530567e-12 1.384796e-06
1.545873e-12 1.384796e-06
1.561332e-12 1.384796e-06
1.576945e-12 1.384796e-06
1.592715e-12 1.384796e-06
1.608642e-12 1.384796e-06
1.624728e-12 1.384796e-06
1.640975e-12 1.384796e-06
1.657385e-12 1.384796e-06
1.673959e-12 1.384796e-06
1.690699e-12 1.384796e-06
1.707606e-12 1.384796e-06
1.724682e-12 1.384796e-06
1.741929e-12 1.384796e-06
1.759348e-12 1.384796e-06
1.776941e-12 1.384796e-06
1.794711e-12 1.384796e-06
1.812658e-12 1.384796e-06
1.830784e-12 1.384796e-06
1.849092e-12 1.384796e-06
1.867583e-12 1.384796e-06
1.886259e-12 1.384796e-06
1.905122e-12 1.384796e-06
1.924173e-12 1.384796e-06
1.943415e-12 1.384796e-06
1.962849e-12 1.384796e-06
1.982477e-12 1.384796e-06
2.002302e-12 1.384796e-06
2.022325e-12 1.384796e-06
2.042548e-12 1.384796e-06
2.062974e-12 1.384796e-06
2.083603e-12 1.384796e-06
2.104439e-12 1.384796e-06
2.125484e-12 1.384796e-06
2.146739e-12 1.384796e-06
2.168206e-12 1.384796e-06
2.189888e-12 1.384796e-06
2.211787e-12 1.384796e-06
2.233905e-12 1.384796e-06
2.256244e-12 1.384796e-06
2.278806e-12 1.384796e-06
2.301594e-12 1.384796e-06
2.324610e-12 1.384796e-06
2.347857e-12 1.384796e-06
2.371335e-12 1.384796e-06
2.395048e-12 1.384796e-06
2.418999e-12 1.384796e-06
2.443189e-12 1.384796e-06
2.467621e-12 1.384796e-06
2.492297e-12 1.384796e-06
2.517220e-12 1.384796e-06
2.542392e-12 1.384796e-06
2.567816e-12 1.384796e-06
2.593494e-12 1.384796e-06
2.619429e-12 1.384796e-06
2.645623e-12 1.384796e-06
2.672080e-12 1.384796e-06
2.698801e-12 1.384796e-06
2.725789e-12 1.384796e-06
2.753046e-12 1.384796e-06
2.780577e-12 1.384796e-06
2.808383e-12 1.384796e-06
2.836466e-12 1.384796e-06
2.864831e-12 1.384796e-06
2.893479e-12 1.384796e-06
2.922414e-12 1.384796e-06
2.951638e-12 1.384796e-06
2.981155e-12 1.384796e-06
3.010966e-12 1.384796e-06
3.041076e-12 1.384796e-06
3.071487e-12 1.384796e-06
3.102202e-12 1.384796e-06
3.133224e-12 1.384796e-06
3.164556e-12 1.384796e-06
3.196201e-12 1.384796e-06
3.228163e-12 1.384796e-06
3.260445e-12 1.384796e-06
3.293050e-12 1.384796e-06
3.325980e-12 1.384796e-06
3.359240e-12 1.384796e-06
3.392832e-12 1.384796e-06
3.426761e-12 1.384796e-06
3.461028e-12 1.384796e-06
3.495638e-12 1.384796e-06
3.530595e-12 1.384796e-06
3.565901e-12 1.384796e-06
3.601560e-12 1.384796e-06
3.637575e-12 1.384796e-06
3.673951e-12 1.384796e-06
3.710691e-12 1.384796e-06
3.747798e-12 1.384796e-06
3.785275e-12 1.384796e-06
3.823128e-12 1.384796e-06
3.861360e-12 1.384796e-06
3.899973e-12 1.384796e-06
3.938973e-12 1.384796e-06
3.978363e-12 1.384796e-06
4.018146e-12 1.384796e-06
4.058328e-12 1.384796e-06
4.098911e-12 1.384796e-06
4.139900e-12 1.384796e-06
4.181299e-12 1.384796e-06
4.223112e-12 1.384796e-06
4.265343e-12 1.384796e-06
4.307997e-12 1.384796e-06
4.351077e-12 1.384796e-06
4.394587e-12 1.384795e-06
4.438533e-12 1.384795e-06
4.482919e-12 1.384795e-06
4.527748e-12 1.384795e-06
4.573025e-12 1.384795e-06
4.618755e-12 1.384795e-06
4.664943e-12 1.384795e-06
4.711592e-12 1.384795e-06
4.758708e-12 1.384795e-06
4.806295e-12 1.384795e-06
4.854358e-12 1.384795e-06
4.902902e-12 1.384795e-06
4.951931e-12 1.384795e-06
5.001450e-12 1.384795e-06
5.051465e-12 1.384795e-06
5.101979e-12 1.384795e-06
5.152999e-12 1.384795e-06
5.204529e-12 1.384795e-06
5.256575e-12 1.384795e-06
5.309140e-12 1.384795e-06
5.362232e-12 1.384795e-06
5.415854e-12 1.384795e-06
5.470013e-12 1.384795e-06
5.524713e-12 1.384795e-06
5.579960e-12 1.384795e-06
5.635759e-12 1.384795e-06
5.692117e-12 1.384795e-06
5.749038e-12 1.384795e-06
5.806529e-12 1.384795e-06
5.864594e-12 1.384795e-06
5.923240e-12 1.384795e-06
5.982472e-12 1.384795e-06
6.042297e-12 1.384795e-06
6.102720e-12 1.384795e-06
6.163747e-12 1.384795e-06
6.225385e-12 1.384795e-06
6.287638e-12 1.384795e-06
6.350515e-12 1.384795e-06
6.414020e-12 1.384795e-06
6.478160e-12 1.384795e-06
6.542942e-12 1.384795e-06
6.608371e-12 1.384795e-06
6.674455e-12 1.384795e-06
6.741199e-12 1.384795e-06
6.808611e-12 1.384795e-06
6.876697e-12 1.384795e-06
6.945464e-12 1.384795e-06
7.014919e-12 1.384795e-06
7.085068e-12 1.384795e-06
7.155919e-12 1.384795e-06
7.227478e-12 1.384795e-06
7.299753e-12 1.384795e-06
7.372750e-12 1.384795e-06
7.446478e-12 1.384795e-06
7.520943e-12 1.384795e-06
7.596152e-12 1.384795e-06
7.672114e-12 1.384795e-06
7.748835e-12 1.384795e-06
7.826323e-12 1.384795e-06
7.904586e-12 1.384795e-06
7.983632e-12 1.384795e-06
8.063469e-12 1.384795e-06
8.144103e-12 1.384795e-06
8.225544e-12 1.384795e-06
8.307800e-12 1.384795e-06
8.390878e-12 1.384795e-06
8.474787e-12 1.384795e-06
8.559534e-12 1.384795e-06
8.645130e-12 1.384795e-06
8.731581e-12 1.384795e-06
8.818897e-12 1.384795e-06
8.907086e-12 1.384795e-06
8.996157e-12 1.384795e-06
9.086118e-12 1.384795e-06
9.176979e-12 1.384795e-06
9.268749e-12 1.384795e-06
9.361437e-12 1.384795e-06
9.455051e-12 1.384795e-06
9.549602e-12 1.384795e-06
9.645098e-12 1.384795e-06
9.741549e-12 1.384795e-06
9.838964e-12 1.384795e-06
9.937354e-12 1.384795e-06
1.003673e-11 1.384795e-06
1.013709e-11 1.384795e-06
1.023847e-11 1.384795e-06
1.034085e-11 1.384795e-06
1.044426e-11 1.384795e-06
1.054870e-11 1.384795e-06
1.065419e-11 1.384795e-06
1.076073e-11 1.384795e-06
1.086834e-11 1.384795e-06
1.097702e-11 1.384794e-06
1.108679e-11 1.384794e-06
1.119766e-11 1.384794e-06
1.130964e-11 1.384794e-06
1.142273e-11 1.384794e-06
1.153696e-11 1.384794e-06
1.165233e-11 1.384794e-06
1.176885e-11 1.384794e-06
1.188654e-11 1.384794e-06
1.200541e-11 1.384794e-06
1.212546e-11 1.384794e-06
1.224671e-11 1.384794e-06
1.236918e-11 1.384794e-06
1.249287e-11 1.384794e-06
1.261780e-11 1.384794e-06
1.274398e-11 1.384794e-06
1.287142e-11 1.384794e-06
1.300013e-11 1.384794e-06
1.313014e-11 1.384794e-06
1.326144e-11 1.384794e-06
1.339405e-11 1.384794e-06
1.352799e-11 1.384794e-06
1.366327e-11 1.384794e-06
1.379990e-11 1.384794e-06
1.393790e-11 1.384794e-06
1.407728e-11 1.384794e-06
1.421806e-11 1.384794e-06
1.436024e-11 1.384794e-06
1.450384e-11 1.384794e-06
1.464888e-11 1.384794e-06
1.479537e-11 1.384794e-06
1.494332e-11 1.384794e-06
1.509275e-11 1.384794e-06
1.524368e-11 1.384794e-06
1.539612e-11 1.384794e-06
1.555008e-11 1.384794e-06
1.570558e-11 1.384794e-06
1.586263e-11 1.384794e-06
1.602126e-11 1.384794e-06
1.618147e-11 1.384794e-06
1.634329e-11 1.384794e-06
1.650672e-11 1.384794e-06
1.667179e-11 1.384794e-06
1.683851e-11 1.384794e-06
1.700689e-11 1.384794e-06
1.717696e-11 1.384794e-06
1.734873e-11 1.384794e-06
1.752222e-11 1.384793e-06
1.769744e-11 1.384793e-06
1.787441e-11 1.384793e-06
1.805316e-11 1.384793e-06
1.823369e-11 1.384793e-06
1.841603e-11 1.384793e-06
1.860019e-11 1.384793e-06
1.878619e-11 1.384793e-06
1.897405e-11 1.384793e-06
1.916379e-11 1.384793e-06
1.935543e-11 1.384793e-06
1.954898e-11 1.384793e-06
1.974447e-11 1.384793e-06
1.994192e-11 1.384793e-06
2.014134e-11 1.384793e-06
2.034275e-11 1.384793e-06
2.054618e-11 1.384793e-06
2.075164e-11 1.384793e-06
2.095916e-11 1.384793e-06
2.116875e-11 1.384793e-06
2.138043e-11 1.384793e-06
2.159424e-11 1.384793e-06
2.181018e-11 1.384793e-06
2.202828e-11 1.384793e-06
2.224857e-11 1.384793e-06
2.247105e-11 1.384793e-06
2.269576e-11 1.384793e-06
2.292272e-11 1.384793e-06
2.315195e-11 1.384793e-06
2.338347e-11 1.384793e-06
2.361730e-11 1.384793e-06
2.385347e-11 1.384793e-06
2.409201e-11 1.384793e-06
2.433293e-11 1.384792e-06
2.457626e-11 1.384792e-06
2.482202e-11 1.384792e-06
2.507024e-11 1.384792e-06
2.532094e-11 1.384792e-06
2.557415e-11 1.384792e-06
2.582989e-11 1.384792e-06
2.608819e-11 1.384792e-06
2.634908e-11 1.384792e-06
2.661257e-11 1.384792e-06
2.687869e-11 1.384792e-06
2.714748e-11 1.384792e-06
2.741895e-11 1.384792e-06
2.769314e-11 1.384792e-06
2.797007e-11 1.384792e-06
2.824978e-11 1.384792e-06
2.853227e-11 1.384792e-06
2.881760e-11 1.384792e-06
2.910577e-11 1.384792e-06
2.939683e-11 1.384792e-06
2.969080e-11 1.384792e-06
2.998771e-11 1.384792e-06
3.028758e-11 1.384792e-06
3.059046e-11 1.384792e-06
3.089636e-11 1.384791e-06
3.120533e-11 1.384791e-06
3.151738e-11 1.384791e-06
3.183255e-11 1.384791e-06
3.215088e-11 1.384791e-06
3.247239e-11 1.384791e-06
3.279711e-11 1.384791e-06
3.312508e-11 1.384791e-06
3.345633e-11 1.384791e-06
3.379090e-11 1.384791e-06
3.412881e-11 1.384791e-06
3.447009e-11 1.384791e-06
3.481480e-11 1.384791e-06
3.516294e-11 1.384791e-06
3.551457e-11 1.384791e-06
3.586972e-11 1.384791e-06
3.622842e-11 1.384791e-06
3.659070e-11 1.384791e-06
3.695661e-11 1.384791e-06
3.732617e-11 1.384790e-06
3.769943e-11 1.384790e-06
3.807643e-11 1.384790e-06
3.845719e-11 1.384790e-06
3.884177e-11 1.384790e-06
3.923018e-11 1.384790e-06
3.962248e-11 1.384790e-06
4.001871e-11 1.384790e-06
4.041890e-11 1.384790e-06
4.082309e-11 1.384790e-06
4.123132e-11 1.384790e-06
4.164363e-11 1.384790e-06
4.206007e-11 1.384790e-06
4.248067e-11 1.384790e-06
4.290547e-11 1.384790e-06
4.333453e-11 1.384790e-06
4.376787e-11 1.384790e-06
4.420555e-11 1.384789e-06
4.464761e-11 1.384789e-06
4.509408e-11 1.384789e-06
4.554502e-11 1.384789e-06
4.600047e-11 1.384789e-06
4.646048e-11 1.384789e-06
4.692508e-11 1.384789e-06
4.739433e-11 1.384789e-06
4.786828e-11 1.384789e-06
4.834696e-11 1.384789e-06
4.883043e-11 1.384789e-06
4.931873e-11 1.384789e-06
4.981192e-11 1.384789e-06
5.031004e-11 1.384789e-06
5.081314e-11 1.384788e-06
5.132127e-11 1.384788e-06
5.183449e-11 1.384788e-06
5.235283e-11 1.384788e-06
5.287636e-11 1.384788e-06
5.340512e-11 1.384788e-06
5.393917e-11 1.384788e-06
5.447857e-11 1.384788e-06
5.502335e-11 1.384788e-06
5.557358e-11 1.384788e-06
5.612932e-11 1.384788e-06
5.669061e-11 1.384788e-06
5.725752e-11 1.384787e-06
5.783010e-11 1.384787e-06
5.840840e-11 1.384787e-06
5.899248e-11 1.384787e-06
5.958241e-11 1.384787e-06
6.017823e-11 1.384787e-06
6.078001e-11 1.384787e-06
6.138781e-11 1.384787e-06
6.200169e-11 1.384787e-06
6.262171e-11 1.384787e-06
6.324792e-11 1.384787e-06
6.388040e-11 1.384786e-06
6.451921e-11 1.384786e-06
6.516440e-11 1.384786e-06
6.581604e-11 1.384786e-06
6.647420e-11 1.384786e-06
6.713895e-11 1.384786e-06
6.781033e-11 1.384786e-06
6.848844e-11 1.384786e-06
6.917332e-11 1.384786e-06
6.986506e-11 1.384786e-06
7.056371e-11 1.384785e-06
7.126934e-11 1.384785e-06
7.198204e-11 1.384785e-06
7.270186e-11 1.384785e-06
7.342888e-11 1.384785e-06
7.416316e-11 1.384785e-06
7.490480e-11 1.384785e-06
7.565384e-11 1.384785e-06
7.641038e-11 1.384785e-06
7.717449e-11 1.384784e-06
7.794623e-11 1.384784e-06
7.872569e-11 1.384784e-06
7.951295e-11 1.384784e-06
8.030808e-11 1.384784e-06
8.111116e-11 1.384784e-06
8.192227e-11 1.384784e-06
8.274150e-11 1.384784e-06
8.356891e-11 1.384783e-06
8.440460e-11 1.384783e-06
8.524865e-11 1.384783e-06
8.610113e-11 1.384783e-06
8.696214e-11 1.384783e-06
8.783176e-11 1.384783e-06
8.871008e-11 1.384783e-06
8.959718e-11 1.384783e-06
9.049315e-11 1.384782e-06
9.139809e-11 1.384782e-06
9.231207e-11 1.384782e-06
9.323519e-11 1.384782e-06
9.416754e-11 1.384782e-06
9.510922e-11 1.384782e-06
9.606031e-11 1.384782e-06
9.702091e-11 1.384781e-06
9.799112e-11 1.384781e-06
9.897103e-11 1.384781e-06
9.996074e-11 1.384781e-06
1.009603e-10 1.384781e-06
1.019700e-10 1.384781e-06
1.029897e-10 1.384780e-06
1.040195e-10 1.384780e-06
1.050597e-10 1.384780e-06
1.061103e-10 1.384780e-06
1.071714e-10 1.384780e-06
1.082432e-10 1.384780e-06
1.093256e-10 1.384780e-06
1.104188e-10 1.384779e-06
1.115230e-10 1.384779e-06
1.126383e-10 1.384779e-06
1.137646e-10 1.384779e-06
1.149023e-10 1.384779e-06
1.160513e-10 1.384779e-06
1.172118e-10 1.384778e-06
1.183839e-10 1.384778e-06
1.195678e-10 1.384778e-06
1.207635e-10 1.384778e-06
1.219711e-10 1.384778e-06
1.231908e-10 1.384777e-06
1.244227e-10 1.384777e-06
1.256669e-10 1.384777e-06
1.269236e-10 1.384777e-06
1.281929e-10 1.384777e-06
1.294748e-10 1.384776e-06
1.307695e-10 1.384776e-06
1.320772e-10 1.384776e-06
1.333980e-10 1.384776e-06
1.347320e-10 1.384776e-06
1.360793e-10 1.384775e-06
1.374401e-10 1.384775e-06
1.388145e-10 1.384775e-06
1.402026e-10 1.384775e-06
1.416047e-10 1.384775e-06
1.430207e-10 1.384774e-06
1.444509e-10 1.384774e-06
1.458954e-10 1.384774e-06
1.473544e-10 1.384774e-06
1.488279e-10 1.384774e-06
1.503162e-10 1.384773e-06
1.518194e-10 1.384773e-06
1.533376e-10 1.384773e-06
1.548709e-10 1.384773e-06
1.564196e-10 1.384772e-06
1.579838e-10 1.384772e-06
1.595637e-10 1.384772e-06
1.611593e-10 1.384772e-06
1.627709e-10 1.384771e-06
1.643986e-10 1.384771e-06
1.660426e-10 1.384771e-06
1.677030e-10 1.384771e-06
1.693801e-10 1.384770e-06
1.710739e-10 1.384770e-06
1.727846e-10 1.384770e-06
1.745124e-10 1.384770e-06
1.762576e-10 1.384769e-06
1.780201e-10 1.384769e-06
1.798003e-10 1.384769e-06
1.815983e-10 1.384769e-06
1.834143e-10 1.384768e-06
1.852485e-10 1.384768e-06
1.871010e-10 1.384768e-06
1.889720e-10 1.384767e-06
1.908617e-10 1.384767e-06
1.927703e-10 1.384767e-06
1.946980e-10 1.384767e-06
1.966450e-10 1.384766e-06
1.986114e-10 1.384766e-06
2.005976e-10 1.384766e-06
2.026035e-10 1.384765e-06
2.046296e-10 1.384765e-06
2.066759e-10 1.384765e-06
2.087426e-10 1.384764e-06
2.108300e-10 1.384764e-06
2.129383e-10 1.384764e-06
2.150677e-10 1.384763e-06
2.172184e-10 1.384763e-06
2.193906e-10 1.384763e-06
2.215845e-10 1.384762e-06
2.238003e-10 1.384762e-06
2.260383e-10 1.384762e-06
2.282987e-10 1.384761e-06
2.305817e-10 1.384761e-06
2.328875e-10 1.384761e-06
2.352164e-10 1.384760e-06
2.375686e-10 1.384760e-06
2.399443e-10 1.384760e-06
2.423437e-10 1.384759e-06
2.447671e-10 1.384759e-06
2.472148e-10 1.384759e-06
2.496870e-10 1.384758e-06
2.521838e-10 1.384758e-06
2.547057e-10 1.384757e-06
2.572527e-10 1.384757e-06
2.598252e-10 1.384757e-06
2.624235e-10 1.384756e-06
2.650477e-10 1.384756e-06
2.676982e-10 1.384755e-06
2.703752e-10 1.384755e-06
2.730789e-10 1.384755e-06
2.758097e-10 1.384754e-06
2.785678e-10 1.384754e-06
2.813535e-10 1.384753e-06
2.841670e-10 1.384753e-06
2.870087e-10 1.384753e-06
2.898788e-10 1.384752e-06
2.927776e-10 1.384752e-06
2.957054e-10 1.384751e-06
2.986624e-10 1.384751e-06
3.016490e-10 1.384750e-06
3.046655e-10 1.384750e-06
3.077122e-10 1.384749e-06
3.107893e-10 1.384749e-06
3.138972e-10 1.384748e-06
3.170362e-10 1.384748e-06
3.202065e-10 1.384747e-06
3.234086e-10 1.384747e-06
3.266427e-10 1.384746e-06
3.299091e-10 1.384746e-06
3.332082e-10 1.384745e-06
3.365403e-10 1.384745e-06
3.399057e-10 1.384744e-06
3.433048e-10 1.384744e-06
3.467378e-10 1.384743e-06
3.502052e-10 1.384743e-06
3.537072e-10 1.384742e-06
3.572443e-10 1.384742e-06
3.608167e-10 1.384741e-06
3.644249e-10 1.384741e-06
3.680692e-10 1.384740e-06
3.717499e-10 1.384740e-06
3.754674e-10 1.384739e-06
3.792220e-10 1.384738e-06
3.830142e-10 1.384738e-06
3.868444e-10 1.384737e-06
3.907128e-10 1.384737e-06
3.946200e-10 1.384736e-06
3.985662e-10 1.384736e-06
4.025518e-10 1.384735e-06
4.065773e-10 1.384734e-06
4.106431e-10 1.384734e-06
4.147495e-10 1.384733e-06
4.188970e-10 1.384732e-06
4.230860e-10 1.384732e-06
4.273169e-10 1.384731e-06
4.315900e-10 1.384731e-06
4.359059e-10 1.384730e-06
4.402650e-10 1.384729e-06
4.446676e-10 1.384729e-06
4.491143e-10 1.384728e-06
4.536055e-10 1.384727e-06
4.581415e-10 1.384726e-06
4.627229e-10 1.384726e-06
4.673502e-10 1.384725e-06
4.720237e-10 1.384724e-06
4.767439e-10 1.384724e-06
4.815113e-10 1.384723e-06
4.863265e-10 1.384722e-06
4.911897e-10 1.384721e-06
4.961016e-10 1.384721e-06
5.010626e-10 1.384720e-06
5.060733e-10 1.384719e-06
5.111340e-10 1.384718e-06
5.162453e-10 1.384718e-06
5.214078e-10 1.384717e-06
5.266219e-10 1.384716e-06
5.318881e-10 1.384715e-06
5.372070e-10 1.384714e-06
5.425790e-10 1.384714e-06
5.480048e-10 1.384713e-06
5.534849e-10 1.384712e-06
5.590197e-10 1.384711e-06
5.646099e-10 1.384710e-06
5.702560e-10 1.384709e-06
5.759586e-10 1.384709e-06
5.817182e-10 1.384708e-06
5.875353e-10 1.384707e-06
5.934107e-10 1.384706e-06
5.993448e-10 1.384705e-06
6.053383e-10 1.384704e-06
6.113916e-10 1.384703e-06
6.175056e-10 1.384702e-06
6.236806e-10 1.384701e-06
6.299174e-10 1.384700e-06
6.362166e-10 1.384699e-06
6.425788e-10 1.384698e-06
6.490045e-10 1.384697e-06
6.554946e-10 1.384696e-06
6.620495e-10 1.384695e-06
6.686700e-10 1.384694e-06
6.753567e-10 1.384693e-06
6.821103e-10 1.384692e-06
6.889314e-10 1.384691e-06
6.958207e-10 1.384690e-06
7.027789e-10 1.384689e-06
7.098067e-10 1.384688e-06
7.169048e-10 1.384687e-06
7.240738e-10 1.384686e-06
7.313146e-10 1.384685e-06
7.386277e-10 1.384684e-06
7.460140e-10 1.384683e-06
7.534741e-10 1.384682e-06
7.610089e-10 1.384680e-06
7.686190e-10 1.384679e-06
7.763051e-10 1.384678e-06
7.840682e-10 1.384677e-06
7.919089e-10 1.384676e-06
7.998280e-10 1.384674e-06
8.078262e-10 1.384673e-06
8.159045e-10 1.384672e-06
8.240636e-10 1.384671e-06
8.323042e-10 1.384670e-06
8.406272e-10 1.384668e-06
8.490335e-10 1.384667e-06
8.575238e-10 1.384666e-06
8.660991e-10 1.384664e-06
8.747601e-10 1.384663e-06
8.835077e-10 1.384662e-06
8.923427e-10 1.384660e-06
9.012662e-10 1.384659e-06
9.102788e-10 1.384658e-06
9.193816e-10 1.384656e-06
9.285754e-10 1.384655e-06
9.378612e-10 1.384653e-06
9.472398e-10 1.384652e-06
9.567122e-10 1.384651e-06
9.662793e-10 1.384649e-06
9.759421e-10 1.384648e-06
9.857015e-10 1.384646e-06
9.955586e-10 1.384645e-06
1.005514e-09 1.384643e-06
1.015569e-09 1.384642e-06
1.025725e-09 1.384640e-06
1.035982e-09 1.384639e-06
1.046342e-09 1.384637e-06
1.056805e-09 1.384635e-06
1.067374e-09 1.384634e-06
1.078047e-09 1.384632e-06
1.088828e-09 1.384631e-06
1.099716e-09 1.384629e-06
1.110713e-09 1.384627e-06
1.121820e-09 1.384626e-06
1.133039e-09 1.384624e-06
1.144369e-09 1.384622e-06
1.155813e-09 1.384620e-06
1.167371e-09 1.384619e-06
1.179044e-09 1.384617e-06
1.190835e-09 1.384615e-06
1.202743e-09 1.384613e-06
1.214771e-09 1.384611e-06
1.226918e-09 1.384610e-06
1.239188e-09 1.384608e-06
1.251579e-09 1.384606e-06
1.264095e-09 1.384604e-06
1.276736e-09 1.384602e-06
1.289504e-09 1.384600e-06
1.302399e-09 1.384598e-06
1.315423e-09 1.384596e-06
1.328577e-09 1.384594e-06
1.341863e-09 1.384592e-06
1.355281e-09 1.384590e-06
1.368834e-09 1.384588e-06
1.382522e-09 1.384586e-06
1.396348e-09 1.384584e-06
1.410311e-09 1.384582e-06
1.424414e-09 1.384579e-06
1.438658e-09 1.384577e-06
1.453045e-09 1.384575e-06
1.467575e-09 1.384573e-06
1.482251e-09 1.384571e-06
1.497074e-09 1.384568e-06
1.512044e-09 1.384566e-06
1.527165e-09 1.384564e-06
1.542436e-09 1.384562e-06
1.557861e-09 1.384559e-06
1.573439e-09 1.384557e-06
1.589174e-09 1.384554e-06
1.605065e-09 1.384552e-06
1.621116e-09 1.384550e-06
1.637327e-09 1.384547e-06
1.653701e-09 1.384545e-06
1.670238e-09 1.384542e-06
1.686940e-09 1.384540e-06
1.703809e-09 1.384537e-06
1.720847e-09 1.384534e-06
1.738056e-09 1.384532e-06
1.755436e-09 1.384529e-06
1.772991e-09 1.384526e-06
1.790721e-09 1.384524e-06
1.808628e-09 1.384521e-06
1.826714e-09 1.384518e-06
1.844981e-09 1.384516e-06
1.863431e-09 1.384513e-06
1.882065e-09 1.384510e-06
1.900886e-09 1.384507e-06
1.919895e-09 1.384504e-06
1.939094e-09 1.384501e-06
1.958485e-09 1.384498e-06
1.978070e-09 1.384495e-06
1.997850e-09 1.384492e-06
2.017829e-09 1.384489e-06
2.038007e-09 1.384486e-06
2.058387e-09 1.384483e-06
2.078971e-09 1.384480e-06
2.099761e-09 1.384477e-06
2.120759e-09 1.384474e-06
2.141966e-09 1.384470e-06
2.163386e-09 1.384467e-06
2.185020e-09 1.384464e-06
2.206870e-09 1.384460e-06
2.228939e-09 1.384457e-06
2.251228e-09 1.384454e-06
2.273740e-09 1.384450e-06
2.296478e-09 1.384447e-06
2.319442e-09 1.384443e-06
2.342637e-09 1.384440e-06
2.366063e-09 1.384436e-06
2.389724e-09 1.384433e-06
2.413621e-09 1.384429e-06
2.437757e-09 1.384425e-06
2.462135e-09 1.384422e-06
2.486756e-09 1.384418e-06
2.511624e-09 1.384414e-06
2.536740e-09 1.384410e-06
2.562107e-09 1.384406e-06
2.587728e-09 1.384403e-06
2.613606e-09 1.384399e-06
2.639742e-09 1.384395e-06
2.666139e-09 1.384391e-06
2.692801e-09 1.384387e-06
2.719729e-09 1.384382e-06
2.746926e-09 1.384378e-06
2.774395e-09 1.384374e-06
2.802139e-09 1.384370e-06
2.830160e-09 1.384366e-06
2.858462e-09 1.384361e-06
2.887047e-09 1.384357e-06
2.915917e-09 1.384353e-06
2.945076e-09 1.384348e-06
2.974527e-09 1.384344e-06
3.004272e-09 1.384339e-06
3.034315e-09 1.384335e-06
3.064658e-09 1.384330e-06
3.095305e-09 1.384325e-06
3.126258e-09 1.384321e-06
3.157520e-09 1.384316e-06
3.189096e-09 1.384311e-06
3.220987e-09 1.384306e-06
3.253196e-09 1.384301e-06
3.285728e-09 1.384296e-06
3.318586e-09 1.384291e-06
3.351772e-09 1.384286e-06
3.385289e-09 1.384281e-06
3.419142e-09 1.384276e-06
3.453334e-09 1.384271e-06
3.487867e-09 1.384266e-06
3.522746e-09 1.384260e-06
3.557973e-09 1.384255e-06
3.593553e-09 1.384250e-06
3.629488e-09 1.384244e-06
3.665783e-09 1.384239e-06
3.702441e-09 1.384233e-06
3.739465e-09 1.384227e-06
3.776860e-09 1.384222e-06
3.814629e-09 1.384216e-06
3.852775e-09 1.384210e-06
3.891303e-09 1.384204e-06
3.930216e-09 1.384198e-06
3.969518e-09 1.384192e-06
4.009213e-09 1.384186e-06
4.049305e-09 1.384180e-06
4.089798e-09 1.384174e-06
4.130696e-09 1.384168e-06
4.172003e-09 1.384162e-06
4.213723e-09 1.384155e-06
4.255860e-09 1.384149e-06
4.298419e-09 1.384142e-06
4.341403e-09 1.384136e-06
4.384817e-09 1.384129e-06
4.428665e-09 1.384123e-06
4.472952e-09 1.384116e-06
4.517682e-09 1.384109e-06
4.562858e-09 1.384102e-06
4.608487e-09 1.384095e-06
4.654572e-09 1.384088e-06
4.701118e-09 1.384081e-06
4.748129e-09 1.384074e-06
4.795610e-09 1.384067e-06
4.843566e-09 1.384059e-06
4.892002e-09 1.384052e-06
4.940922e-09 1.384045e-06
4.990331e-09 1.384037e-06
5.040234e-09 1.384029e-06
5.090637e-09 1.384022e-06
5.141543e-09 1.384014e-06
5.192959e-09 1.384006e-06
5.244888e-09 1.383998e-06
5.297337e-09 1.383990e-06
5.350310e-09 1.383982e-06
5.403814e-09 1.383974e-06
5.457852e-09 1.383966e-06
5.512430e-09 1.383958e-06
5.567554e-09 1.383949e-06
5.623230e-09 1.383941e-06
5.679462e-09 1.383932e-06
5.736257e-09 1.383924e-06
5.793620e-09 1.383915e-06
5.851556e-09 1.383906e-06
5.910071e-09 1.383897e-06
5.969172e-09 1.383888e-06
6.028864e-09 1.383879e-06
6.089152e-09 1.383870e-06
6.150044e-09 1.383861e-06
6.211544e-09 1.383851e-06
6.273660e-09 1.383842e-06
6.336396e-09 1.383832e-06
6.399760e-09 1.383823e-06
6.463758e-09 1.383813e-06
6.528395e-09 1.383803e-06
6.593679e-09 1.383793e-06
6.659616e-09 1.383783e-06
6.726212e-09 1.383773e-06
6.793475e-09 1.383763e-06
6.861409e-09 1.383753e-06
6.930023e-09 1.383742e-06
6.999324e-09 1.383732e-06
7.069317e-09 1.383721e-06
7.140010e-09 1.383710e-06
7.211410e-09 1.383699e-06
7.283524e-09 1.383688e-06
7.356359e-09 1.383677e-06
7.429923e-09 1.383666e-06
7.504222e-09 1.383655e-06
7.579264e-09 1.383643e-06
7.655057e-09 1.383632e-06
7.731608e-09 1.383620e-06
7.808924e-09 1.383608e-06
7.887013e-09 1.383597e-06
7.965883e-09 1.383585e-06
8.045542e-09 1.383572e-06
8.125997e-09 1.383560e-06
8.207257e-09 1.383548e-06
8.289330e-09 1.383535e-06
8.372223e-09 1.383523e-06
8.455945e-09 1.383510e-06
8.540505e-09 1.383497e-06
8.625910e-09 1.383484e-06
8.712169e-09 1.383471e-06
8.799291e-09 1.383458e-06
8.887284e-09 1.383444e-06
8.976157e-09 1.383431e-06
9.065918e-09 1.383417e-06
9.156577e-09 1.383403e-06
9.248143e-09 1.383390e-06
9.340624e-09 1.383375e-06
9.434031e-09 1.383361e-06
9.528371e-09 1.383347e-06
9.623655e-09 1.383332e-06
9.719891e-09 1.383318e-06
9.817090e-09 1.383303e-06
9.915261e-09 1.383288e-06
1.001441e-08 1.383273e-06
1.011456e-08 1.383258e-06
1.021570e-08 1.383242e-06
1.031786e-08 1.383227e-06
1.042104e-08 1.383211e-06
1.052525e-08 1.383195e-06
1.063050e-08 1.383179e-06
1.073681e-08 1.383163e-06
1.084418e-08 1.383147e-06
1.095262e-08 1.383130e-06
1.106214e-08 1.383114e-06
1.117276e-08 1.383097e-06
1.128449e-08 1.383080e-06
1.139734e-08 1.383063e-06
1.151131e-08 1.383045e-06
1.162642e-08 1.383028e-06
1.174269e-08 1.383010e-06
1.186011e-08 1.382992e-06
1.197872e-08 1.382974e-06
1.209850e-08 1.382956e-06
1.221949e-08 1.382938e-06
1.234168e-08 1.382919e-06
1.246510e-08 1.382900e-06
1.258975e-08 1.382881e-06
1.271565e-08 1.382862e-06
1.284280e-08 1.382843e-06
1.297123e-08 1.382823e-06
1.310094e-08 1.382804e-06
1.323195e-08 1.382784e-06
1.336427e-08 1.382764e-06
1.349792e-08 1.382743e-06
1.363290e-08 1.382723e-06
1.376922e-08 1.382702e-06
1.390692e-08 1.382681e-06
1.404599e-08 1.382660e-06
1.418645e-08 1.382639e-06
1.432831e-08 1.382617e-06
1.447159e-08 1.382595e-06
1.461631e-08 1.382573e-06
1.476247e-08 1.382551e-06
1.491010e-08 1.382529e-06
1.505920e-08 1.382506e-06
1.520979e-08 1.382483e-06
1.536189e-08 1.382460e-06
1.551551e-08 1.382437e-06
1.567066e-08 1.382413e-06
1.582737e-08 1.382389e-06
1.598564e-08 1.382365e-06
1.614550e-08 1.382341e-06
1.630695e-08 1.382316e-06
1.647002e-08 1.382291e-06
1.663472e-08 1.382266e-06
1.680107e-08 1.382241e-06
1.696908e-08 1.382216e-06
1.713877e-08 1.382190e-06
1.731016e-08 1.382164e-06
1.748326e-08 1.382137e-06
1.765809e-08 1.382111e-06
1.783468e-08 1.382084e-06
1.801302e-08 1.382057e-06
1.819315e-08 1.382029e-06
1.837508e-08 1.382002e-06
1.855883e-08 1.381974e-06
1.874442e-08 1.381946e-06
1.893187e-08 1.381917e-06
1.912119e-08 1.381888e-06
1.931240e-08 1.381859e-06
1.950552e-08 1.381830e-06
1.970058e-08 1.381800e-06
1.989758e-08 1.381770e-06
2.009656e-08 1.381740e-06
2.029752e-08 1.381710e-06
2.050050e-08 1.381679e-06
2.070550e-08 1.381648e-06
2.091256e-08 1.381616e-06
2.112169e-08 1.381584e-06
2.133290e-08 1.381552e-06
2.154623e-08 1.381520e-06
2.176169e-08 1.381487e-06
2.197931e-08 1.381454e-06
2.219910e-08 1.381421e-06
2.242109e-08 1.381387e-06
2.264531e-08 1.381353e-06
2.287176e-08 1.381318e-06
2.310048e-08 1.381284e-06
2.333148e-08 1.381248e-06
2.356480e-08 1.381213e-06
2.380044e-08 1.381177e-06
2.403845e-08 1.381141e-06
2.427883e-08 1.381104e-06
2.452162e-08 1.381068e-06
2.476684e-08 1.381030e-06
2.501451e-08 1.380993e-06
2.526465e-08 1.380955e-06
2.551730e-08 1.380916e-06
2.577247e-08 1.380877e-06
2.603019e-08 1.380838e-06
2.629050e-08 1.380799e-06
2.655340e-08 1.380759e-06
2.681894e-08 1.380718e-06
2.708712e-08 1.380678e-06
2.735800e-08 1.380636e-06
2.763158e-08 1.380595e-06
2.790789e-08 1.380553e-06
2.818697e-08 1.380511e-06
2.846884e-08 1.380468e-06
2.875353e-08 1.380424e-06
2.904106e-08 1.380381e-06
2.933147e-08 1.380337e-06
2.962479e-08 1.380292e-06
2.992104e-08 1.380247e-06
3.022025e-08 1.380202e-06
3.052245e-08 1.380156e-06
3.082767e-08 1.380109e-06
3.113595e-08 1.380062e-06
3.144731e-08 1.380015e-06
3.176178e-08 1.379967e-06
3.207940e-08 1.379919e-06
3.240020e-08 1.379870e-06
3.272420e-08 1.379821e-06
3.305144e-08 1.379771e-06
3.338195e-08 1.379721e-06
3.371577e-08 1.379670e-06
3.405293e-08 1.379619e-06
3.439346e-08 1.379567e-06
3.473740e-08 1.379515e-06
3.508477e-08 1.379462e-06
3.543562e-08 1.379409e-06
3.578997e-08 1.379355e-06
3.614787e-08 1.379301e-06
3.650935e-08 1.379246e-06
3.687445e-08 1.379191e-06
3.724319e-08 1.379135e-06
3.761562e-08 1.379078e-06
3.799178e-08 1.379021e-06
3.837170e-08 1.378963e-06
3.875541e-08 1.378905e-06
3.914297e-08 1.378846e-06
3.953440e-08 1.378787e-06
3.992974e-08 1.378726e-06
4.032904e-08 1.378666e-06
4.073233e-08 1.378605e-06
4.113965e-08 1.378543e-06
4.155105e-08 1.378480e-06
4.196656e-08 1.378417e-06
4.238622e-08 1.378353e-06
4.281009e-08 1.378289e-06
4.323819e-08 1.378224e-06
4.367057e-08 1.378158e-06
4.410727e-08 1.378092e-06
4.454835e-08 1.378025e-06
4.499383e-08 1.377957e-06
4.544377e-08 1.377889e-06
4.589821e-08 1.377820e-06
4.635719e-08 1.377750e-06
4.682076e-08 1.377680e-06
4.728897e-08 1.377609e-06
4.776186e-08 1.377537e-06
4.823948e-08 1.377464e-06
4.872187e-08 1.377391e-06
4.920909e-08 1.377317e-06
4.970118e-08 1.377243e-06
5.019819e-08 1.377167e-06
5.070017e-08 1.377091e-06
5.120718e-08 1.377014e-06
5.171925e-08 1.376936e-06
5.223644e-08 1.376858e-06
5.275880e-08 1.376778e-06
5.328639e-08 1.376698e-06
5.381926e-08 1.376617e-06
5.435745e-08 1.376536e-06
5.490102e-08 1.376453e-06
5.545003e-08 1.376370e-06
5.600453e-08 1.376286e-06
5.656458e-08 1.376201e-06
5.713023e-08 1.376115e-06
5.770153e-08 1.376028e-06
5.827854e-08 1.375940e-06
5.886133e-08 1.375852e-06
5.944994e-08 1.375763e-06
6.004444e-08 1.375672e-06
6.064489e-08 1.375581e-06
6.125133e-08 1.375489e-06
6.186385e-08 1.375396e-06
6.248249e-08 1.375302e-06
6.310731e-08 1.375208e-06
6.373838e-08 1.375112e-06
6.437577e-08 1.375015e-06
6.501953e-08 1.374917e-06
6.566972e-08 1.374819e-06
6.632642e-08 1.374719e-06
6.698968e-08 1.374618e-06
6.765958e-08 1.374517e-06
6.833618e-08 1.374414e-06
6.901954e-08 1.374310e-06
6.970973e-08 1.374206e-06
7.040683e-08 1.374100e-06
7.111090e-08 1.373993e-06
7.182201e-08 1.373885e-06
7.254023e-08 1.373776e-06
7.326563e-08 1.373666e-06
7.399829e-08 1.373555e-06
7.473827e-08 1.373443e-06
7.548565e-08 1.373329e-06
7.624051e-08 1.373215e-06
7.700291e-08 1.373099e-06
7.777294e-08 1.372983e-06
7.855067e-08 1.372865e-06
7.933618e-08 1.372745e-06
8.012954e-08 1.372625e-06
8.093084e-08 1.372504e-06
8.174014e-08 1.372381e-06
8.255754e-08 1.372257e-06
8.338312e-08 1.372132e-06
8.421695e-08 1.372005e-06
8.505912e-08 1.371878e-06
8.590971e-08 1.371749e-06
8.676881e-08 1.371618e-06
8.763650e-08 1.371487e-06
8.851286e-08 1.371354e-06
8.939799e-08 1.371220e-06
9.029197e-08 1.371084e-06
9.119489e-08 1.370947e-06
9.210684e-08 1.370809e-06
9.302791e-08 1.370669e-06
9.395819e-08 1.370528e-06
9.489777e-08 1.370386e-06
9.584675e-08 1.370242e-06
9.680521e-08 1.370097e-06
9.777327e-08 1.369950e-06
9.875100e-08 1.369802e-06
9.973851e-08 1.369652e-06
1.007359e-07 1.369501e-06
1.017433e-07 1.369349e-06
1.027607e-07 1.369194e-06
1.037883e-07 1.369039e-06
1.048262e-07 1.368881e-06
1.058744e-07 1.368723e-06
1.069332e-07 1.368562e-06
1.080025e-07 1.368400e-06
1.090825e-07 1.368237e-06
1.101734e-07 1.368071e-06
1.112751e-07 1.367904e-06
1.123878e-07 1.367736e-06
1.135117e-07 1.367566e-06
1.146468e-07 1.367394e-06
1.157933e-07 1.367220e-06
1.169512e-07 1.367045e-06
1.181208e-07 1.366868e-06
1.193020e-07 1.366689e-06
1.204950e-07 1.366508e-06
1.216999e-07 1.366326e-06
1.229169e-07 1.366141e-06
1.241461e-07 1.365955e-06
1.253876e-07 1.365767e-06
1.266414e-07 1.365577e-06
1.279079e-07 1.365386e-06
1.291869e-07 1.365192e-06
1.304788e-07 1.364997e-06
1.317836e-07 1.364799e-06
1.331014e-07 1.364600e-06
1.344324e-07 1.364398e-06
1.357768e-07 1.364195e-06
1.371345e-07 1.363989e-06
1.385059e-07 1.363782e-06
1.398909e-07 1.363572e-06
1.412898e-07 1.363360e-06
1.427027e-07 1.363147e-06
1.441298e-07 1.362931e-06
1.455711e-07 1.362713e-06
1.470268e-07 1.362493e-06
1.484970e-07 1.362270e-06
1.499820e-07 1.362046e-06
1.514818e-07 1.361819e-06
1.529967e-07 1.361590e-06
1.545266e-07 1.361358e-06
1.560719e-07 1.361125e-06
1.576326e-07 1.360889e-06
1.592089e-07 1.360650e-06
1.608010e-07 1.360409e-06
1.624090e-07 1.360166e-06
1.640331e-07 1.359921e-06
1.656735e-07 1.359673e-06
1.673302e-07 1.359422e-06
1.690035e-07 1.359170e-06
1.706935e-07 1.358914e-06
1.724005e-07 1.358656e-06
1.741245e-07 1.358396e-06
1.758657e-07 1.358133e-06
1.776244e-07 1.357867e-06
1.794006e-07 1.357598e-06
1.811946e-07 1.357327e-06
1.830066e-07 1.357054e-06
1.848366e-07 1.356777e-06
1.866850e-07 1.356498e-06
1.885518e-07 1.356216e-06
1.904374e-07 1.355931e-06
1.923417e-07 1.355644e-06
1.942652e-07 1.355353e-06
1.962078e-07 1.355060e-06
1.981699e-07 1.354764e-06
2.001516e-07 1.354465e-06
2.021531e-07 1.354162e-06
2.041746e-07 1.353857e-06
2.062164e-07 1.353549e-06
2.082785e-07 1.353238e-06
2.103613e-07 1.352924e-06
2.124649e-07 1.352606e-06
2.145896e-07 1.352286e-06
2.167355e-07 1.351962e-06
2.189028e-07 1.351635e-06
2.210919e-07 1.351305e-06
2.233028e-07 1.350971e-06
2.255358e-07 1.350634e-06
2.277912e-07 1.350294e-06
2.300691e-07 1.349951e-06
2.323698e-07 1.349604e-06
2.346935e-07 1.349254e-06
2.370404e-07 1.348900e-06
2.394108e-07 1.348542e-06
2.418049e-07 1.348182e-06
2.442230e-07 1.347817e-06
2.466652e-07 1.347449e-06
2.491319e-07 1.347077e-06
2.516232e-07 1.346702e-06
2.541394e-07 1.346323e-06
2.566808e-07 1.345940e-06
2.592476e-07 1.345554e-06
2.618401e-07 1.345163e-06
2.644585e-07 1.344769e-06
2.671031e-07 1.344371e-06
2.697741e-07 1.343968e-06
2.724718e-07 1.343562e-06
2.751966e-07 1.343152e-06
2.779485e-07 1.342738e-06
2.807280e-07 1.342320e-06
2.835353e-07 1.341897e-06
2.863706e-07 1.341470e-06
2.892343e-07 1.341040e-06
2.921267e-07 1.340604e-06
2.950480e-07 1.340165e-06
2.979984e-07 1.339721e-06
3.009784e-07 1.339273e-06
3.039882e-07 1.338821e-06
3.070281e-07 1.338364e-06
3.100984e-07 1.337902e-06
3.131994e-07 1.337436e-06
3.163313e-07 1.336965e-06
3.194947e-07 1.336490e-06
3.226896e-07 1.336010e-06
3.259165e-07 1.335525e-06
3.291757e-07 1.335035e-06
3.324674e-07 1.334541e-06
3.357921e-07 1.334041e-06
3.391500e-07 1.333537e-06
3.425415e-07 1.333028e-06
3.459669e-07 1.332514e-06
3.494266e-07 1.331994e-06
3.529209e-07 1.331470e-06
3.564501e-07 1.330940e-06
3.600146e-07 1.330406e-06
3.636147e-07 1.329865e-06
3.672509e-07 1.329320e-06
3.709234e-07 1.328769e-06
3.746326e-07 1.328213e-06
3.783789e-07 1.327651e-06
3.821627e-07 1.327084e-06
3.859844e-07 1.326511e-06
3.898442e-07 1.325933e-06
3.937426e-07 1.325348e-06
3.976801e-07 1.324759e-06
4.016569e-07 1.324163e-06
4.056734e-07 1.323561e-06
4.097302e-07 1.322954e-06
4.138275e-07 1.322340e-06
4.179658e-07 1.321721e-06
4.221454e-07 1.321095e-06
4.263669e-07 1.320463e-06
4.306305e-07 1.319825e-06
4.349368e-07 1.319181e-06
4.392862e-07 1.318530e-06
4.436791e-07 1.317873e-06
4.481159e-07 1.317210e-06
4.525970e-07 1.316540e-06
4.571230e-07 1.315863e-06
4.616942e-07 1.315180e-06
4.663112e-07 1.314490e-06
4.709743e-07 1.313793e-06
4.756840e-07 1.313090e-06
4.804409e-07 1.312379e-06
4.852453e-07 1.311662e-06
4.900977e-07 1.310937e-06
4.949987e-07 1.310206e-06
4.999487e-07 1.309467e-06
5.049482e-07 1.308721e-06
5.099976e-07 1.307968e-06
5.150976e-07 1.307207e-06
5.202486e-07 1.306439e-06
5.254511e-07 1.305663e-06
5.307056e-07 1.304880e-06
5.360127e-07 1.304089e-06
5.413728e-07 1.303290e-06
5.467865e-07 1.302484e-06
5.522544e-07 1.301669e-06
5.577769e-07 1.300847e-06
5.633547e-07 1.300017e-06
5.689882e-07 1.299178e-06
5.746781e-07 1.298331e-06
5.804249e-07 1.297476e-06
5.862291e-07 1.296613e-06
5.920914e-07 1.295741e-06
5.980123e-07 1.294861e-06
6.039925e-07 1.293972e-06
6.100324e-07 1.293074e-06
6.161327e-07 1.292168e-06
6.222940e-07 1.291253e-06
6.285170e-07 1.290329e-06
6.348022e-07 1.289395e-06
6.411502e-07 1.288453e-06
6.475617e-07 1.287502e-06
6.540373e-07 1.286541e-06
6.605777e-07 1.285571e-06
6.671834e-07 1.284591e-06
6.738553e-07 1.283602e-06
6.805938e-07 1.282604e-06
6.873998e-07 1.281595e-06
6.942738e-07 1.280577e-06
7.012165e-07 1.279549e-06
7.082287e-07 1.278510e-06
7.153110e-07 1.277462e-06
7.224641e-07 1.276404e-06
7.296887e-07 1.275335e-06
7.369856e-07 1.274256e-06
7.443555e-07 1.273166e-06
7.517990e-07 1.272066e-06
7.593170e-07 1.270955e-06
7.669102e-07 1.269834e-06
7.745793e-07 1.268701e-06
7.823251e-07 1.267558e-06
7.901483e-07 1.266403e-06
7.980498e-07 1.265237e-06
8.060303e-07 1.264060e-06
8.140906e-07 1.262872e-06
8.222315e-07 1.261672e-06
8.304538e-07 1.260460e-06
8.387584e-07 1.259237e-06
8.471459e-07 1.258002e-06
8.556174e-07 1.256754e-06
8.641736e-07 1.255495e-06
8.728153e-07 1.254224e-06
8.815435e-07 1.252940e-06
8.903589e-07 1.251644e-06
8.992625e-07 1.250336e-06
9.082551e-07 1.249015e-06
9.173377e-07 1.247681e-06
9.265110e-07 1.246334e-06
9.357762e-07 1.244974e-06
9.451339e-07 1.243601e-06
9.545853e-07 1.242215e-06
9.641311e-07 1.240816e-06
9.737724e-07 1.239403e-06
9.835101e-07 1.237977e-06
9.933452e-07 1.236536e-06
1.003279e-06 1.235082e-06
1.013311e-06 1.233614e-06
1.023445e-06 1.232132e-06
1.033679e-06 1.230636e-06
1.044016e-06 1.229125e-06
1.054456e-06 1.227600e-06
1.065001e-06 1.226060e-06
1.075651e-06 1.224506e-06
1.086407e-06 1.222936e-06
1.097271e-06 1.221352e-06
1.108244e-06 1.219752e-06
1.119326e-06 1.218137e-06
1.130520e-06 1.216507e-06
1.141825e-06 1.214861e-06
1.153243e-06 1.213199e-06
1.164775e-06 1.211522e-06
1.176423e-06 1.209828e-06
1.188187e-06 1.208118e-06
1.200069e-06 1.206392e-06
1.212070e-06 1.204650e-06
1.224191e-06 1.202891e-06
1.236433e-06 1.201115e-06
1.248797e-06 1.199322e-06
1.261285e-06 1.197512e-06
1.273898e-06 1.195685e-06
1.286637e-06 1.193841e-06
1.299503e-06 1.191979e-06
1.312498e-06 1.190099e-06
1.325623e-06 1.188202e-06
1.338879e-06 1.186287e-06
1.352268e-06 1.184353e-06
1.365791e-06 1.182401e-06
1.379449e-06 1.180431e-06
1.393243e-06 1.178442e-06
1.407176e-06 1.176435e-06
1.421247e-06 1.174408e-06
1.435460e-06 1.172362e-06
1.449814e-06 1.170297e-06
1.464313e-06 1.168212e-06
1.478956e-06 1.166108e-06
1.493745e-06 1.163984e-06
1.508683e-06 1.161840e-06
1.523770e-06 1.159676e-06
1.539007e-06 1.157491e-06
1.554397e-06 1.155286e-06
1.569941e-06 1.153060e-06
1.585641e-06 1.150813e-06
1.601497e-06 1.148546e-06
1.617512e-06 1.146256e-06
1.633687e-06 1.143946e-06
1.650024e-06 1.141614e-06
1.666524e-06 1.139260e-06
1.683190e-06 1.136884e-06
1.700021e-06 1.134486e-06
1.717022e-06 1.132066e-06
1.734192e-06 1.129623e-06
1.751534e-06 1.127157e-06
1.769049e-06 1.124668e-06
1.786740e-06 1.122156e-06
1.804607e-06 1.119621e-06
1.822653e-06 1.117062e-06
1.840880e-06 1.114480e-06
1.859288e-06 1.111873e-06
1.877881e-06 1.109243e-06
1.896660e-06 1.106588e-06
1.915627e-06 1.103908e-06
1.934783e-06 1.101204e-06
1.954131e-06 1.098474e-06
1.973672e-06 1.095720e-06
1.993409e-06 1.092940e-06
2.013343e-06 1.090134e-06
2.033476e-06 1.087303e-06
2.053811e-06 1.084446e-06
2.074349e-06 1.081562e-06
2.095093e-06 1.078652e-06
2.116044e-06 1.075715e-06
2.137204e-06 1.072752e-06
2.158576e-06 1.069761e-06
2.180162e-06 1.066743e-06
2.201964e-06 1.063697e-06
2.223983e-06 1.060623e-06
2.246223e-06 1.057522e-06
2.268685e-06 1.054392e-06
2.291372e-06 1.051234e-06
2.314286e-06 1.048047e-06
2.337429e-06 1.044831e-06
2.360803e-06 1.041585e-06
2.384411e-06 1.038311e-06
2.408255e-06 1.035007e-06
2.432338e-06 1.031673e-06
2.456661e-06 1.028308e-06
2.481228e-06 1.024914e-06
2.506040e-06 1.021489e-06
2.531100e-06 1.018033e-06
2.556411e-06 1.014546e-06
2.581975e-06 1.011027e-06
2.607795e-06 1.007477e-06
2.633873e-06 1.003896e-06
2.660212e-06 1.000282e-06
2.686814e-06 9.966356e-07
2.713682e-06 9.929569e-07
2.740819e-06 9.892455e-07
2.768227e-06 9.855009e-07
2.795909e-06 9.817230e-07
2.823868e-06 9.779116e-07
2.852107e-06 9.740664e-07
2.880628e-06 9.701871e-07
2.909434e-06 9.662734e-07
2.938529e-06 9.623252e-07
2.967914e-06 9.583421e-07
2.997593e-06 9.543240e-07
3.027569e-06 9.502704e-07
3.057845e-06 9.461813e-07
3.088423e-06 9.420563e-07
3.119308e-06 9.378951e-07
3.150501e-06 9.336975e-07
3.182006e-06 9.294633e-07
3.213826e-06 9.251921e-07
3.245964e-06 9.208837e-07
3.278424e-06 9.165378e-07
3.311208e-06 9.121542e-07
3.344320e-06 9.077326e-07
3.377763e-06 9.032728e-07
3.411541e-06 8.987744e-07
3.445656e-06 8.942372e-07
3.480113e-06 8.896609e-07
3.514914e-06 8.850452e-07
3.550063e-06 8.803900e-07
3.585564e-06 8.756949e-07
3.621419e-06 8.709596e-07
3.657633e-06 8.661838e-07
3.694210e-06 8.613674e-07
3.731152e-06 8.565100e-07
3.768463e-06 8.516113e-07
3.806148e-06 8.466712e-07
3.844210e-06 8.416892e-07
3.882652e-06 8.366652e-07
3.921478e-06 8.315988e-07
3.960693e-06 8.264898e-07
4.000300e-06 8.213379e-07
4.040303e-06 8.161429e-07
4.080706e-06 8.109044e-07
4.121513e-06 8.056223e-07
4.162728e-06 8.002962e-07
4.204355e-06 7.949258e-07
4.246399e-06 7.895109e-07
4.288863e-06 7.840512e-07
4.331752e-06 7.785464e-07
4.375069e-06 7.729964e-07
4.418820e-06 7.674007e-07
4.463008e-06 7.617592e-07
4.507638e-06 7.560715e-07
4.552714e-06 7.503374e-07
4.598242e-06 7.445567e-07
4.644224e-06 7.387290e-07
4.690666e-06 7.328541e-07
4.737573e-06 7.269318e-07
4.784949e-06 7.209617e-07
4.832798e-06 7.149436e-07
4.881126e-06 7.088773e-07
4.929937e-06 7.027626e-07
4.979237e-06 6.965990e-07
5.029029e-06 6.903864e-07
5.079319e-06 6.841246e-07
5.130113e-06 6.778132e-07
5.181414e-06 6.714521e-07
5.233228e-06 6.650410e-07
5.285560e-06 6.585796e-07
5.338416e-06 6.520677e-07
5.391800e-06 6.455050e-07
5.445718e-06 6.388913e-07
5.500175e-06 6.322265e-07
5.555177e-06 6.255101e-07
5.610728e-06 6.187421e-07
5.666836e-06 6.119222e-07
5.723504e-06 6.050501e-07
5.780739e-06 5.981256e-07
5.838547e-06 5.911485e-07
5.896932e-06 5.841186e-07
5.955901e-06 5.770357e-07
6.015460e-06 5.698996e-07
6.075615e-06 5.627100e-07
6.136371e-06 5.554668e-07
6.197735e-06 5.481697e-07
6.259712e-06 5.408186e-07
6.322309e-06 5.334132e-07
6.385532e-06 5.259535e-07
6.449388e-06 5.184391e-07
6.513882e-06 5.108699e-07
6.579020e-06 5.032458e-07
6.644811e-06 4.955666e-07
6.711259e-06 4.878320e-07
6.778371e-06 4.800420e-07
6.846155e-06 4.721964e-07
6.914617e-06 4.642950e-07
6.983763e-06 4.563378e-07
7.053600e-06 4.483245e-07
7.124136e-06 4.402550e-07
7.195378e-06 4.321292e-07
7.267332e-06 4.239470e-07
7.340005e-06 4.157083e-07
7.413405e-06 4.074129e-07
7.487539e-06 3.990608e-07
7.562414e-06 3.906518e-07
7.638038e-06 3.821860e-07
7.714419e-06 3.736631e-07
7.791563e-06 3.650831e-07
7.869479e-06 3.564460e-07
7.948173e-06 3.477518e-07
8.027655e-06 3.390002e-07
8.107932e-06 3.301914e-07
8.189011e-06 3.213253e-07
8.270901e-06 3.124018e-07
8.353610e-06 3.034210e-07
8.437146e-06 2.943828e-07
8.521518e-06 2.852873e-07
8.606733e-06 2.761344e-07
8.692800e-06 2.669242e-07
8.779728e-06 2.576567e-07
8.867526e-06 2.483320e-07
8.956201e-06 2.389501e-07
9.045763e-06 2.295110e-07
9.136220e-06 2.200149e-07
9.227583e-06 2.104619e-07
9.319858e-06 2.008520e-07
9.413057e-06 1.911853e-07
9.507188e-06 1.814620e-07
9.602259e-06 1.716822e-07
9.698282e-06 1.618461e-07
9.795265e-06 1.519537e-07
9.893218e-06 1.420054e-07
9.992150e-06 1.320012e-07
1.009207e-05 1.219414e-07
1.019299e-05 1.118261e-07
1.029492e-05 1.016557e-07
1.039787e-05 9.143026e-08
1.050185e-05 8.115017e-08
1.060687e-05 7.081565e-08
1.071294e-05 6.042700e-08
1.082007e-05 4.998450e-08
1.092827e-05 3.948849e-08
1.103755e-05 2.893930e-08
1.114793e-05 1.833728e-08
1.125940e-05 7.682787e-09
1.137200e-05 -3.023781e-09
1.148572e-05 -1.378202e-08
1.160058e-05 -2.459152e-08
1.171658e-05 -3.545184e-08
1.183375e-05 -4.636251e-08
1.195208e-05 -5.732307e-08
1.207161e-05 -6.833302e-08
1.219232e-05 -7.939183e-08
1.231424e-05 -9.049899e-08
1.243739e-05 -1.016539e-07
1.256176e-05 -1.128561e-07
1.268738e-05 -1.241048e-07
1.281425e-05 -1.353996e-07
1.294240e-05 -1.467397e-07
1.307182e-05 -1.581245e-07
1.320254e-05 -1.695533e-07
1.333456e-05 -1.810254e-07
1.346791e-05 -1.925401e-07
1.360259e-05 -2.040966e-07
1.373861e-05 -2.156941e-07
1.387600e-05 -2.273319e-07
1.401476e-05 -2.390091e-07
1.415491e-05 -2.507249e-07
1.429646e-05 -2.624783e-07
1.443942e-05 -2.742685e-07
1.458381e-05 -2.860946e-07
1.472965e-05 -2.979556e-07
1.487695e-05 -3.098506e-07
1.502572e-05 -3.217784e-07
1.517598e-05 -3.337381e-07
1.532774e-05 -3.457286e-07
1.548101e-05 -3.577488e-07
1.563582e-05 -3.697977e-07
1.579218e-05 -3.818740e-07
1.595010e-05 -3.939765e-07
1.610960e-05 -4.061041e-07
1.627070e-05 -4.182555e-07
1.643341e-05 -4.304295e-07
1.659774e-05 -4.426247e-07
1.676372e-05 -4.548398e-07
1.693136e-05 -4.670734e-07
1.710067e-05 -4.793242e-07
1.727168e-05 -4.915906e-07
1.744439e-05 -5.038714e-07
1.761884e-05 -5.161648e-07
1.779503e-05 -5.284695e-07
1.797298e-05 -5.407838e-07
1.815271e-05 -5.531062e-07
1.833423e-05 -5.654350e-07
1.851757e-05 -5.777685e-07
1.870275e-05 -5.901050e-07
1.888978e-05 -6.024429e-07
1.907868e-05 -6.147802e-07
1.926946e-05 -6.271152e-07
1.946216e-05 -6.394461e-07
1.965678e-05 -6.517710e-07
1.985335e-05 -6.640878e-07
2.005188e-05 -6.763948e-07
2.025240e-05 -6.886897e-07
2.045492e-05 -7.009707e-07
2.065947e-05 -7.132357e-07
2.086607e-05 -7.254824e-07
2.107473e-05 -7.377088e-07
2.128547e-05 -7.499126e-07
2.149833e-05 -7.620917e-07
2.171331e-05 -7.742437e-07
2.193045e-05 -7.863663e-07
2.214975e-05 -7.984571e-07
2.237125e-05 -8.105138e-07
2.259496e-05 -8.225339e-07
2.282091e-05 -8.345150e-07
2.304912e-05 -8.464544e-07
2.327961e-05 -8.583497e-07
2.351241e-05 -8.701982e-07
2.374753e-05 -8.819973e-07
2.398501e-05 -8.937442e-07
2.422486e-05 -9.054363e-07
2.446710e-05 -9.170708e-07
2.471178e-05 -9.286448e-07
2.495889e-05 -9.401556e-07
2.520848e-05 -9.516001e-07
2.546057e-05 -9.629754e-07
2.571517e-05 -9.742786e-07
2.597232e-05 -9.855067e-07
2.623205e-05 -9.966565e-07
2.649437e-05 -1.007725e-06
2.675931e-05 -1.018709e-06
2.702690e-05 -1.029605e-06
2.729717e-05 -1.040410e-06
2.757015e-05 -1.051121e-06
2.784585e-05 -1.061735e-06
2.812431e-05 -1.072247e-06
2.840555e-05 -1.082656e-06
2.868960e-05 -1.092956e-06
2.897650e-05 -1.103145e-06
2.926627e-05 -1.113220e-06
2.955893e-05 -1.123176e-06
2.985452e-05 -1.133010e-06
3.015306e-05 -1.142719e-06
3.045459e-05 -1.152298e-06
3.075914e-05 -1.161745e-06
3.106673e-05 -1.171054e-06
3.137740e-05 -1.180223e-06
3.169117e-05 -1.189248e-06
3.200808e-05 -1.198125e-06
3.232816e-05 -1.206849e-06
3.265145e-05 -1.215418e-06
3.297796e-05 -1.223827e-06
3.330774e-05 -1.232071e-06
3.364082e-05 -1.240148e-06
3.397723e-05 -1.248052e-06
3.431700e-05 -1.255781e-06
3.466017e-05 -1.263329e-06
3.500677e-05 -1.270693e-06
3.535684e-05 -1.277868e-06
3.571041e-05 -1.284851e-06
3.606751e-05 -1.291636e-06
3.642818e-05 -1.298221e-06
3.679247e-05 -1.304600e-06
3.716039e-05 -1.310769e-06
3.753199e-05 -1.316725e-06
3.790731e-05 -1.322462e-06
3.828639e-05 -1.327976e-06
3.866925e-05 -1.333264e-06
3.905594e-05 -1.338320e-06
3.944650e-05 -1.343141e-06
3.984097e-05 -1.347721e-06
4.023938e-05 -1.352057e-06
4.064177e-05 -1.356144e-06
4.104819e-05 -1.359978e-06
4.145867e-05 -1.363555e-06
4.187326e-05 -1.366870e-06
4.229199e-05 -1.369918e-06
4.271491e-05 -1.372695e-06
4.314206e-05 -1.375198e-06
4.357348e-05 -1.377421e-06
4.400922e-05 -1.379360e-06
4.444931e-05 -1.381011e-06
4.489380e-05 -1.382370e-06
4.534274e-05 -1.383432e-06
4.579617e-05 -1.384194e-06
4.625413e-05 -1.384649e-06
4.671667e-05 -1.384796e-06
4.718384e-05 -1.384629e-06
4.765567e-05 -1.384144e-06
4.813223e-05 -1.383337e-06
4.861355e-05 -1.382205e-06
4.909969e-05 -1.380742e-06
4.959069e-05 -1.378946e-06
5.008659e-05 -1.376811e-06
5.058746e-05 -1.374335e-06
5.109333e-05 -1.371514e-06
5.160427e-05 -1.368342e-06
5.212031e-05 -1.364818e-06
5.264151e-05 -1.360938e-06
5.316793e-05 -1.356697e-06
5.369961e-05 -1.352092e-06
5.423660e-05 -1.347120e-06
5.477897e-05 -1.341778e-06
5.532676e-05 -1.336062e-06
5.588003e-05 -1.329969e-06
5.643883e-05 -1.323496e-06
5.700321e-05 -1.316640e-06
5.757325e-05 -1.309399e-06
5.814898e-05 -1.301769e-06
5.873047e-05 -1.293749e-06
5.931777e-05 -1.285334e-06
5.991095e-05 -1.276524e-06
6.051006e-05 -1.267315e-06
6.111516e-05 -1.257706e-06
6.172631e-05 -1.247694e-06
6.234358e-05 -1.237278e-06
6.296701e-05 -1.226456e-06
6.359668e-05 -1.215227e-06
6.423265e-05 -1.203588e-06
6.487498e-05 -1.191539e-06
6.552372e-05 -1.179079e-06
6.617896e-05 -1.166206e-06
6.684075e-05 -1.152920e-06
6.750916e-05 -1.139220e-06
6.818425e-05 -1.125106e-06
6.886609e-05 -1.110578e-06
6.955475e-05 -1.095635e-06
7.025030e-05 -1.080279e-06
7.095280e-05 -1.064508e-06
7.166233e-05 -1.048323e-06
7.237896e-05 -1.031727e-06
7.310275e-05 -1.014718e-06
7.383377e-05 -9.972994e-07
7.457211e-05 -9.794718e-07
7.531783e-05 -9.612368e-07
7.607101e-05 -9.425966e-07
7.683172e-05 -9.235531e-07
7.760004e-05 -9.041088e-07
7.837604e-05 -8.842663e-07
7.915980e-05 -8.640286e-07
7.995140e-05 -8.433988e-07
8.075091e-05 -8.223802e-07
8.155842e-05 -8.009766e-07
8.237400e-05 -7.791920e-07
8.319774e-05 -7.570306e-07
8.402972e-05 -7.344968e-07
8.487002e-05 -7.115956e-07
8.571872e-05 -6.883319e-07
8.657591e-05 -6.647112e-07
8.744166e-05 -6.407391e-07
8.831608e-05 -6.164217e-07
8.919924e-05 -5.917651e-07
9.009123e-05 -5.667761e-07
9.099215e-05 -5.414614e-07
9.190207e-05 -5.158283e-07
9.282109e-05 -4.898844e-07
9.374930e-05 -4.636374e-07
9.468679e-05 -4.370956e-07
9.563366e-05 -4.102674e-07
9.659000e-05 -3.831616e-07
9.755590e-05 -3.557875e-07
9.853146e-05 -3.281544e-07
9.951677e-05 -3.002721e-07
1.005119e-04 -2.721508e-07
1.015171e-04 -2.438010e-07
1.025322e-04 -2.152334e-07
1.035576e-04 -1.864592e-07
1.045931e-04 -1.574898e-07
1.056391e-04 -1.283370e-07
1.066954e-04 -9.901303e-08
1.077624e-04 -6.953022e-08
1.088400e-04 -3.990141e-08
1.099284e-04 -1.013970e-08
1.110277e-04 1.974147e-08
1.121380e-04 4.972833e-08
1.132594e-04 7.980679e-08
1.143920e-04 1.099624e-07
1.155359e-04 1.401806e-07
1.166912e-04 1.704462e-07
1.178582e-04 2.007439e-07
1.190367e-04 2.310580e-07
1.202271e-04 2.613727e-07
1.214294e-04 2.916717e-07
1.226437e-04 3.219384e-07
1.238701e-04 3.521562e-07
1.251088e-04 3.823078e-07
1.263599e-04 4.123760e-07
1.276235e-04 4.423431e-07
1.288997e-04 4.721913e-07
1.301887e-04 5.019026e-07
1.314906e-04 5.314585e-07
1.328055e-04 5.608406e-07
1.341336e-04 5.900300e-07
1.354749e-04 6.190078e-07
1.368297e-04 6.477548e-07
1.381980e-04 6.762517e-07
1.395799e-04 7.044790e-07
1.409757e-04 7.324170e-07
1.423855e-04 7.600458e-07
1.438093e-04 7.873455e-07
1.452474e-04 8.142961e-07
1.466999e-04 8.408774e-07
1.481669e-04 8.670691e-07
1.496486e-04 8.928509e-07
1.511451e-04 9.182023e-07
1.526565e-04 9.431031e-07
1.541831e-04 9.675326e-07
1.557249e-04 9.914706e-07
1.572822e-04 1.014896e-06
1.588550e-04 1.037790e-06
1.604435e-04 1.060130e-06
1.620480e-04 1.081898e-06
1.636684e-04 1.103071e-06
1.653051e-04 1.123632e-06
1.669582e-04 1.143559e-06
1.686278e-04 1.162832e-06
1.703140e-04 1.181433e-06
1.720172e-04 1.199341e-06
1.737374e-04 1.216538e-06
1.754747e-04 1.233004e-06
1.772295e-04 1.248720e-06
1.790018e-04 1.263669e-06
1.807918e-04 1.277831e-06
1.825997e-04 1.291190e-06
1.844257e-04 1.303727e-06
1.862700e-04 1.315425e-06
1.881327e-04 1.326269e-06
1.900140e-04 1.336240e-06
1.919141e-04 1.345325e-06
1.938333e-04 1.353506e-06
1.957716e-04 1.360771e-06
1.977293e-04 1.367103e-06
1.997066e-04 1.372489e-06
2.017037e-04 1.376917e-06
2.037207e-04 1.380373e-06
2.057579e-04 1.382846e-06
2.078155e-04 1.384323e-06
2.098937e-04 1.384796e-06
2.119926e-04 1.384252e-06
2.141125e-04 1.382685e-06
2.162536e-04 1.380084e-06
2.184162e-04 1.376442e-06
2.206003e-04 1.371752e-06
2.228063e-04 1.366009e-06
2.250344e-04 1.359206e-06
2.272848e-04 1.351340e-06
2.295576e-04 1.342406e-06
2.318532e-04 1.332403e-06
2.341717e-04 1.321329e-06
2.365134e-04 1.309182e-06
2.388786e-04 1.295964e-06
2.412673e-04 1.281675e-06
2.436800e-04 1.266318e-06
2.461168e-04 1.249895e-06
2.485780e-04 1.232411e-06
2.510638e-04 1.213872e-06
2.535744e-04 1.194284e-06
2.561101e-04 1.173654e-06
2.586712e-04 1.151991e-06
2.612580e-04 1.129304e-06
2.638705e-04 1.105605e-06
2.665092e-04 1.080905e-06
2.691743e-04 1.055217e-06
2.718661e-04 1.028556e-06
2.745847e-04 1.000937e-06
2.773306e-04 9.723762e-07
2.801039e-04 9.428913e-07
2.829049e-04 9.125013e-07
2.857340e-04 8.812260e-07
2.885913e-04 8.490866e-07
2.914772e-04 8.161054e-07
2.943920e-04 7.823057e-07
2.973359e-04 7.477121e-07
3.003093e-04 7.123503e-07
3.033124e-04 6.762470e-07
3.063455e-04 6.394303e-07
3.094090e-04 6.019292e-07
3.125031e-04 5.637737e-07
3.156281e-04 5.249950e-07
3.187844e-04 4.856254e-07
3.219722e-04 4.456982e-07
3.251919e-04 4.052476e-07
3.284438e-04 3.643089e-07
3.317283e-04 3.229184e-07
3.350456e-04 2.811132e-07
3.383960e-04 2.389315e-07
3.417800e-04 1.964122e-07
3.451978e-04 1.535951e-07
3.486498e-04 1.105209e-07
3.521363e-04 6.723095e-08
3.556576e-04 2.376751e-08
3.592142e-04 -1.982658e-08
3.628063e-04 -6.350780e-08
3.664344e-04 -1.072320e-07
3.700987e-04 -1.509544e-07
3.737997e-04 -1.946298e-07
3.775377e-04 -2.382124e-07
3.813131e-04 -2.816560e-07
3.851262e-04 -3.249141e-07
3.889775e-04 -3.679397e-07
3.928673e-04 -4.106856e-07
3.967960e-04 -4.531045e-07
4.007639e-04 -4.951488e-07
4.047716e-04 -5.367707e-07
4.088193e-04 -5.779226e-07
4.129075e-04 -6.185566e-07
4.170365e-04 -6.586251e-07
4.212069e-04 -6.980805e-07
4.254190e-04 -7.368755e-07
4.296732e-04 -7.749630e-07
4.339699e-04 -8.122962e-07
4.383096e-04 -8.488287e-07
4.426927e-04 -8.845146e-07
4.471196e-04 -9.193083e-07
4.515908e-04 -9.531652e-07
4.561067e-04 -9.860408e-07
4.606678e-04 -1.017892e-06
4.652745e-04 -1.048676e-06
4.699272e-04 -1.078350e-06
4.746265e-04 -1.106875e-06
4.793727e-04 -1.134209e-06
4.841665e-04 -1.160314e-06
4.890081e-04 -1.185153e-06
4.938982e-04 -1.208688e-06
4.988372e-04 -1.230885e-06
5.038256e-04 -1.251709e-06
5.088638e-04 -1.271127e-06
5.139525e-04 -1.289109e-06
5.190920e-04 -1.305625e-06
5.242829e-04 -1.320646e-06
5.295257e-04 -1.334146e-06
5.348210e-04 -1.346100e-06
5.401692e-04 -1.356485e-06
5.455709e-04 -1.365279e-06
5.510266e-04 -1.372463e-06
5.565369e-04 -1.378020e-06
5.621022e-04 -1.381934e-06
5.677233e-04 -1.384190e-06
5.734005e-04 -1.384777e-06
5.791345e-04 -1.383686e-06
5.849258e-04 -1.380909e-06
5.907751e-04 -1.376441e-06
5.966829e-04 -1.370277e-06
6.026497e-04 -1.362418e-06
6.086762e-04 -1.352864e-06
6.147629e-04 -1.341618e-06
6.209106e-04 -1.328687e-06
6.271197e-04 -1.314078e-06
6.333909e-04 -1.297802e-06
6.397248e-04 -1.279871e-06
6.461220e-04 -1.260299e-06
6.525832e-04 -1.239105e-06
6.591091e-04 -1.216307e-06
6.657002e-04 -1.191927e-06
6.723572e-04 -1.165990e-06
6.790807e-04 -1.138522e-06
6.858716e-04 -1.109551e-06
6.927303e-04 -1.079109e-06
6.996576e-04 -1.047229e-06
7.066541e-04 -1.013946e-06
7.137207e-04 -9.792974e-07
7.208579e-04 -9.433235e-07
7.280665e-04 -9.060661e-07
7.353471e-04 -8.675690e-07
7.427006e-04 -8.278782e-07
7.501276e-04 -7.870418e-07
7.576289e-04 -7.451095e-07
7.652052e-04 -7.021331e-07
7.728572e-04 -6.581663e-07
7.805858e-04 -6.132643e-07
7.883917e-04 -5.674842e-07
7.962756e-04 -5.208845e-07
8.042383e-04 -4.735253e-07
8.122807e-04 -4.254684e-07
8.204035e-04 -3.767767e-07
8.286076e-04 -3.275145e-07
8.368936e-04 -2.777473e-07
8.452626e-04 -2.275417e-07
8.537152e-04 -1.769654e-07
8.622524e-04 -1.260869e-07
8.708749e-04 -7.497573e-08
8.795836e-04 -2.370203e-08
8.883795e-04 2.766340e-08
8.972633e-04 7.904919e-08
9.062359e-04 1.303836e-07
9.152982e-04 1.815945e-07
9.244512e-04 2.326095e-07
9.336957e-04 2.833564e-07
9.430327e-04 3.337625e-07
9.524630e-04 3.837557e-07
9.619877e-04 4.332638e-07
9.716075e-04 4.822151e-07
9.813236e-04 5.305384e-07
9.911368e-04 5.781629e-07
1.001048e-03 6.250186e-07
1.011059e-03 6.710363e-07
1.021169e-03 7.161476e-07
1.031381e-03 7.602853e-07
1.041695e-03 8.033832e-07
1.052112e-03 8.453763e-07
1.062633e-03 8.862011e-07
1.073259e-03 9.257956e-07
1.083992e-03 9.640991e-07
1.094832e-03 1.001053e-06
1.105780e-03 1.036599e-06
1.116838e-03 1.070684e-06
1.128006e-03 1.103253e-06
1.139286e-03 1.134256e-06
1.150679e-03 1.163643e-06
1.162186e-03 1.191368e-06
1.173808e-03 1.217386e-06
1.185546e-03 1.241655e-06
1.197401e-03 1.264136e-06
1.209375e-03 1.284792e-06
1.221469e-03 1.303588e-06
1.233684e-03 1.320493e-06
1.246021e-03 1.335478e-06
1.258481e-03 1.348516e-06
1.271066e-03 1.359586e-06
1.283776e-03 1.368666e-06
1.296614e-03 1.375740e-06
1.309580e-03 1.380793e-06
1.322676e-03 1.383814e-06
1.335903e-03 1.384796e-06
1.349262e-03 1.383732e-06
1.362754e-03 1.380622e-06
1.376382e-03 1.375467e-06
1.390146e-03 1.368270e-06
1.404047e-03 1.359041e-06
1.418088e-03 1.347789e-06
1.432269e-03 1.334529e-06
1.446591e-03 1.319277e-06
1.461057e-03 1.302055e-06
1.475668e-03 1.282884e-06
1.490424e-03 1.261792e-06
1.505329e-03 1.238808e-06
1.520382e-03 1.213964e-06
1.535586e-03 1.187296e-06
1.550942e-03 1.158842e-06
1.566451e-03 1.128643e-06
1.582116e-03 1.096742e-06
1.597937e-03 1.063187e-06
1.613916e-03 1.028026e-06
1.630055e-03 9.913123e-07
1.646356e-03 9.530990e-07
1.662819e-03 9.134431e-07
1.679447e-03 8.724038e-07
1.696242e-03 8.300421e-07
1.713204e-03 7.864217e-07
1.730336e-03 7.416079e-07
1.747640e-03 6.956681e-07
1.765116e-03 6.486714e-07
1.782767e-03 6.006890e-07
1.800595e-03 5.517931e-07
1.818601e-03 5.020579e-07
1.836787e-03 4.515587e-07
1.855155e-03 4.003722e-07
1.873706e-03 3.485760e-07
1.892443e-03 2.962490e-07
1.911368e-03 2.434706e-07
1.930482e-03 1.903212e-07
1.949786e-03 1.368819e-07
1.969284e-03 8.323389e-08
1.988977e-03 2.945902e-08
2.008867e-03 -2.436075e-08
2.028956e-03 -7.814340e-08
2.049245e-03 -1.318070e-07
2.069738e-03 -1.852697e-07
2.090435e-03 -2.384500e-07
2.111339e-03 -2.912671e-07
2.132453e-03 -3.436405e-07
2.153777e-03 -3.954905e-07
2.175315e-03 -4.467383e-07
2.197068e-03 -4.973060e-07
2.219039e-03 -5.471170e-07
2.241229e-03 -5.960958e-07
2.263641e-03 -6.441681e-07
2.286278e-03 -6.912614e-07
2.309141e-03 -7.373046e-07
2.332232e-03 -7.822282e-07
2.355554e-03 -8.259648e-07
2.379110e-03 -8.684486e-07
2.402901e-03 -9.096161e-07
2.426930e-03 -9.494058e-07
2.451199e-03 -9.877585e-07
2.475711e-03 -1.024617e-06
2.500468e-03 -1.059927e-06
2.525473e-03 -1.093637e-06
2.550728e-03 -1.125696e-06
2.576235e-03 -1.156059e-06
2.601998e-03 -1.184680e-06
2.628017e-03 -1.211519e-06
2.654298e-03 -1.236537e-06
2.680841e-03 -1.259699e-06
2.707649e-03 -1.280972e-06
2.734726e-03 -1.300325e-06
2.762073e-03 -1.317733e-06
2.789694e-03 -1.333172e-06
2.817590e-03 -1.346622e-06
2.845766e-03 -1.358064e-06
2.874224e-03 -1.367485e-06
2.902966e-03 -1.374874e-06
2.931996e-03 -1.380223e-06
2.961316e-03 -1.383526e-06
2.990929e-03 -1.384783e-06
3.020838e-03 -1.383994e-06
3.051047e-03 -1.381165e-06
3.081557e-03 -1.376303e-06
3.112373e-03 -1.369420e-06
3.143496e-03 -1.360528e-06
3.174931e-03 -1.349645e-06
3.206681e-03 -1.336790e-06
3.238748e-03 -1.321988e-06
3.271135e-03 -1.305262e-06
3.303846e-03 -1.286643e-06
3.336885e-03 -1.266160e-06
3.370254e-03 -1.243849e-06
3.403956e-03 -1.219746e-06
3.437996e-03 -1.193890e-06
3.472376e-03 -1.166324e-06
3.507100e-03 -1.137090e-06
3.542171e-03 -1.106237e-06
3.577592e-03 -1.073812e-06
3.613368e-03 -1.039866e-06
3.649502e-03 -1.004454e-06
3.685997e-03 -9.676289e-07
3.722857e-03 -9.294486e-07
3.760085e-03 -8.899717e-07
3.797686e-03 -8.492586e-07
3.835663e-03 -8.073711e-07
3.874020e-03 -7.643728e-07
3.912760e-03 -7.203285e-07
3.951888e-03 -6.753042e-07
3.991406e-03 -6.293671e-07
4.031320e-03 -5.825854e-07
4.071634e-03 -5.350284e-07
4.112350e-03 -4.867659e-07
4.153474e-03 -4.378686e-07
4.195008e-03 -3.884078e-07
4.236958e-03 -3.384551e-07
4.279328e-03 -2.880827e-07
4.322121e-03 -2.373628e-07
4.365342e-03 -1.863678e-07
4.408996e-03 -1.351701e-07
4.453086e-03 -8.384219e-08
4.497617e-03 -3.245611e-08
4.542593e-03 1.891631e-08
4.588019e-03 7.020366e-08
4.633899e-03 1.213351e-07
4.680238e-03 1.722403e-07
4.727040e-03 2.228498e-07
4.774311e-03 2.730950e-07
4.822054e-03 3.229080e-07
4.870274e-03 3.722222e-07
4.918977e-03 4.209718e-07
4.968167e-03 4.690926e-07
5.017849e-03 5.165213e-07
5.068027e-03 5.631962e-07
5.118707e-03 6.090571e-07
5.169894e-03 6.540451e-07
5.221593e-03 6.981031e-07
5.273809e-03 7.411755e-07
5.326547e-03 7.832088e-07
5.379813e-03 8.241508e-07
5.433611e-03 8.639516e-07
5.487947e-03 9.025629e-07
5.542827e-03 9.399387e-07
5.598255e-03 9.760347e-07
5.654237e-03 1.010809e-06
5.710780e-03 1.044221e-06
5.767887e-03 1.076234e-06
5.825566e-03 1.106812e-06
5.883822e-03 1.135921e-06
5.942660e-03 1.163530e-06
6.002087e-03 1.189610e-06
6.062108e-03 1.214135e-06
6.122729e-03 1.237081e-06
6.183956e-03 1.258424e-06
6.245796e-03 1.278146e-06
6.308254e-03 1.296230e-06
6.371336e-03 1.312659e-06
6.435049e-03 1.327422e-06
6.499400e-03 1.340507e-06
6.564394e-03 1.351908e-06
6.630038e-03 1.361617e-06
6.696338e-03 1.369631e-06
6.763302e-03 1.375950e-06
6.830935e-03 1.380573e-06
6.899244e-03 1.383504e-06
6.968236e-03 1.384748e-06
7.037919e-03 1.384312e-06
7.108298e-03 1.382207e-06
7.179381e-03 1.378443e-06
7.251175e-03 1.373034e-06
7.323687e-03 1.365995e-06
7.396923e-03 1.357345e-06
7.470893e-03 1.347102e-06
7.545602e-03 1.335288e-06
7.621058e-03 1.321925e-06
7.697268e-03 1.307039e-06
7.774241e-03 1.290656e-06
7.851983e-03 1.272803e-06
7.930503e-03 1.253511e-06
8.009808e-03 1.232810e-06
8.089906e-03 1.210733e-06
8.170805e-03 1.187314e-06
8.252513e-03 1.162589e-06
8.335038e-03 1.136593e-06
8.418389e-03 1.109364e-06
8.502573e-03 1.080942e-06
8.587598e-03 1.051365e-06
8.673474e-03 1.020676e-06
8.760209e-03 9.889152e-07
8.847811e-03 9.561258e-07
8.936289e-03 9.223511e-07
9.025652e-03 8.876353e-07
9.115909e-03 8.520232e-07
9.207068e-03 8.155602e-07
9.299139e-03 7.782922e-07
9.392130e-03 7.402656e-07
9.486051e-03 7.015272e-07
9.580912e-03 6.621240e-07
9.676721e-03 6.221034e-07
9.773488e-03 5.815130e-07
9.871223e-03 5.404004e-07
9.969935e-03 4.988133e-07
1.006963e-02 4.567996e-07
1.017033e-02 4.144070e-07
1.027203e-02 3.716830e-07
1.037475e-02 3.286751e-07
1.047850e-02 2.854306e-07
1.058329e-02 2.419964e-07
1.068912e-02 1.984190e-07
1.079601e-02 1.547449e-07
1.090397e-02 1.110196e-07
1.101301e-02 6.728866e-08
1.112314e-02 2.359677e-08
1.123437e-02 -2.001182e-08
1.134672e-02 -6.349350e-08
1.146018e-02 -1.068053e-07
1.157479e-02 -1.499051e-07
1.169053e-02 -1.927512e-07
1.180744e-02 -2.353030e-07
1.192551e-02 -2.775206e-07
1.204477e-02 -3.193648e-07
1.216522e-02 -3.607976e-07
1.228687e-02 -4.017816e-07
1.240974e-02 -4.422805e-07
1.253383e-02 -4.822589e-07
1.265917e-02 -5.216824e-07
1.278576e-02 -5.605177e-07
1.291362e-02 -5.987324e-07
1.304276e-02 -6.362952e-07
1.317319e-02 -6.731759e-07
1.330492e-02 -7.093454e-07
1.343797e-02 -7.447756e-07
1.357235e-02 -7.794396e-07
1.370807e-02 -8.133117e-07
1.384515e-02 -8.463671e-07
1.398360e-02 -8.785824e-07
1.412344e-02 -9.099352e-07
1.426467e-02 -9.404042e-07
1.440732e-02 -9.699694e-07
1.455139e-02 -9.986118e-07
1.469691e-02 -1.026314e-06
1.484388e-02 -1.053059e-06
1.499231e-02 -1.078831e-06
1.514224e-02 -1.103617e-06
1.529366e-02 -1.127402e-06
1.544660e-02 -1.150176e-06
1.560106e-02 -1.171927e-06
1.575707e-02 -1.192645e-06
1.591464e-02 -1.212321e-06
1.607379e-02 -1.230949e-06
1.623453e-02 -1.248521e-06
1.639687e-02 -1.265033e-06
1.656084e-02 -1.280479e-06
1.672645e-02 -1.294856e-06
1.689371e-02 -1.308163e-06
1.706265e-02 -1.320398e-06
1.723328e-02 -1.331560e-06
1.740561e-02 -1.341650e-06
1.757967e-02 -1.350670e-06
1.775546e-02 -1.358622e-06
1.793302e-02 -1.365510e-06
1.811235e-02 -1.371338e-06
1.829347e-02 -1.376111e-06
1.847641e-02 -1.379836e-06
1.866117e-02 -1.382519e-06
1.884778e-02 -1.384167e-06
1.903626e-02 -1.384790e-06
1.922662e-02 -1.384396e-06
1.941889e-02 -1.382995e-06
1.961308e-02 -1.380599e-06
1.980921e-02 -1.377217e-06
2.000730e-02 -1.372863e-06
2.020737e-02 -1.367548e-06
2.040945e-02 -1.361286e-06
2.061354e-02 -1.354091e-06
2.081968e-02 -1.345977e-06
2.102787e-02 -1.336958e-06
2.123815e-02 -1.327050e-06
2.145053e-02 -1.316270e-06
2.166504e-02 -1.304632e-06
2.188169e-02 -1.292154e-06
2.210051e-02 -1.278853e-06
2.232151e-02 -1.264746e-06
2.254473e-02 -1.249851e-06
2.277017e-02 -1.234187e-06
2.299788e-02 -1.217771e-06
2.322786e-02 -1.200623e-06
2.346013e-02 -1.182762e-06
2.369474e-02 -1.164206e-06
2.393168e-02 -1.144976e-06
2.417100e-02 -1.125090e-06
2.441271e-02 -1.104569e-06
2.465684e-02 -1.083433e-06
2.490340e-02 -1.061701e-06
2.515244e-02 -1.039395e-06
2.540396e-02 -1.016533e-06
2.565800e-02 -9.931380e-07
2.591458e-02 -9.692286e-07
2.617373e-02 -9.448258e-07
2.643547e-02 -9.199501e-07
2.669982e-02 -8.946218e-07
2.696682e-02 -8.688615e-07
2.723649e-02 -8.426896e-07
2.750885e-02 -8.161264e-07
2.778394e-02 -7.891922e-07
2.806178e-02 -7.619071e-07
2.834240e-02 -7.342913e-07
2.862582e-02 -7.063648e-07
2.891208e-02 -6.781474e-07
2.920120e-02 -6.496587e-07
2.949321e-02 -6.209183e-07
2.978814e-02 -5.919457e-07
3.008603e-02 -5.627600e-07
3.038689e-02 -5.333801e-07
3.069076e-02 -5.038250e-07
3.099766e-02 -4.741131e-07
3.130764e-02 -4.442629e-07
3.162072e-02 -4.142924e-07
3.193692e-02 -3.842195e-07
3.225629e-02 -3.540620e-07
3.257886e-02 -3.238371e-07
3.290464e-02 -2.935620e-07
3.323369e-02 -2.632534e-07
3.356603e-02 -2.329280e-07
3.390169e-02 -2.026021e-07
3.424070e-02 -1.722915e-07
3.458311e-02 -1.420120e-07
3.492894e-02 -1.117789e-07
3.527823e-02 -8.160741e-08
3.563101e-02 -5.151213e-08
3.598732e-02 -2.150757e-08
3.634720e-02 8.392166e-09
3.671067e-02 3.817327e-08
3.707778e-02 6.782226e-08
3.744855e-02 9.732600e-08
3.782304e-02 1.266717e-07
3.820127e-02 1.558467e-07
3.858328e-02 1.848391e-07
3.896912e-02 2.136369e-07
3.935881e-02 2.422287e-07
3.975239e-02 2.706032e-07
4.014992e-02 2.987497e-07
4.055142e-02 3.266576e-07
4.095693e-02 3.543169e-07
4.136650e-02 3.817176e-07
4.178017e-02 4.088502e-07
4.219797e-02 4.357057e-07
4.261995e-02 4.622750e-07
4.304615e-02 4.885498e-07
4.347661e-02 5.145218e-07
4.391137e-02 5.401832e-07
4.435049e-02 5.655263e-07
4.479399e-02 5.905440e-07
4.524193e-02 6.152293e-07
4.569435e-02 6.395756e-07
4.615130e-02 6.635766e-07
4.661281e-02 6.872263e-07
4.707894e-02 7.105189e-07
4.754973e-02 7.334492e-07
4.802522e-02 7.560118e-07
4.850548e-02 7.782021e-07
4.899053e-02 8.000155e-07
4.948044e-02 8.214477e-07
4.997524e-02 8.424948e-07
5.047499e-02 8.631530e-07
5.097974e-02 8.834189e-07
5.148954e-02 9.032893e-07
5.200444e-02 9.227613e-07
5.252448e-02 9.418323e-07
5.304972e-02 9.604998e-07
5.358022e-02 9.787617e-07
5.411602e-02 9.966160e-07
5.465718e-02 1.014061e-06
5.520376e-02 1.031095e-06
5.575579e-02 1.047718e-06
5.631335e-02 1.063927e-06
5.687649e-02 1.079723e-06
5.744525e-02 1.095104e-06
5.801970e-02 1.110071e-06
5.859990e-02 1.124623e-06
5.918590e-02 1.138760e-06
5.977776e-02 1.152482e-06
6.037554e-02 1.165790e-06
6.097929e-02 1.178685e-06
6.158908e-02 1.191166e-06
6.220497e-02 1.203236e-06
6.282702e-02 1.214895e-06
6.345529e-02 1.226144e-06
6.408985e-02 1.236985e-06
6.473075e-02 1.247419e-06
6.537805e-02 1.257449e-06
6.603183e-02 1.267075e-06
6.669215e-02 1.276301e-06
6.735907e-02 1.285128e-06
6.803266e-02 1.293558e-06
6.871299e-02 1.301594e-06
6.940012e-02 1.309238e-06
7.009412e-02 1.316493e-06
7.079506e-02 1.323362e-06
7.150301e-02 1.329847e-06
7.221804e-02 1.335952e-06
7.294022e-02 1.341680e-06
7.366963e-02 1.347033e-06
7.440632e-02 1.352015e-06
7.515039e-02 1.356629e-06
7.590189e-02 1.360879e-06
7.666091e-02 1.364768e-06
7.742752e-02 1.368300e-06
7.820179e-02 1.371478e-06
7.898381e-02 1.374306e-06
7.977365e-02 1.376788e-06
8.057139e-02 1.378928e-06
8.137710e-02 1.380729e-06
8.219087e-02 1.382195e-06
8.301278e-02 1.383331e-06
8.384291e-02 1.384141e-06
8.468134e-02 1.384627e-06
8.552815e-02 1.384796e-06
8.638343e-02 1.384650e-06
8.724727e-02 1.384195e-06
8.811974e-02 1.383433e-06
8.900094e-02 1.382370e-06
8.989094e-02 1.381010e-06
9.078985e-02 1.379356e-06
9.169775e-02 1.377414e-06
9.261473e-02 1.375188e-06
9.354088e-02 1.372681e-06
9.447629e-02 1.369899e-06
9.542105e-02 1.366846e-06
9.637526e-02 1.363526e-06
9.733901e-02 1.359943e-06
9.831240e-02 1.356102e-06
9.929553e-02 1.352007e-06
1.002885e-01 1.347664e-06
1.012914e-01 1.343075e-06
1.023043e-01 1.338245e-06
1.033273e-01 1.333180e-06
1.043606e-01 1.327882e-06
1.054042e-01 1.322357e-06
1.064582e-01 1.316609e-06
1.075228e-01 1.310642e-06
1.085981e-01 1.304461e-06
1.096840e-01 1.298069e-06
1.107809e-01 1.291472e-06
1.118887e-01 1.284673e-06
1.130076e-01 1.277676e-06
1.141376e-01 1.270487e-06
1.152790e-01 1.263108e-06
1.164318e-01 1.255544e-06
1.175961e-01 1.247800e-06
1.187721e-01 1.239880e-06
1.199598e-01 1.231786e-06
1.211594e-01 1.223525e-06
1.223710e-01 1.215099e-06
1.235947e-01 1.206512e-06
1.248307e-01 1.197770e-06
1.260790e-01 1.188875e-06
1.273398e-01 1.179831e-06
1.286132e-01 1.170642e-06
1.298993e-01 1.161313e-06
1.311983e-01 1.151846e-06
1.325103e-01 1.142247e-06
1.338354e-01 1.132517e-06
1.351737e-01 1.122662e-06
1.365255e-01 1.112684e-06
1.378907e-01 1.102588e-06
1.392696e-01 1.092377e-06
1.406623e-01 1.082054e-06
1.420689e-01 1.071623e-06
1.434896e-01 1.061088e-06
1.449245e-01 1.050451e-06
1.463738e-01 1.039717e-06
1.478375e-01 1.028888e-06
1.493159e-01 1.017967e-06
1.508090e-01 1.006959e-06
1.523171e-01 9.958664e-07
1.538403e-01 9.846918e-07
1.553787e-01 9.734388e-07
1.569325e-01 9.621104e-07
1.585018e-01 9.507096e-07
1.600868e-01 9.392394e-07
1.616877e-01 9.277029e-07
1.633046e-01 9.161028e-07
1.649376e-01 9.044421e-07
1.665870e-01 8.927235e-07
1.682529e-01 8.809500e-07
1.699354e-01 8.691241e-07
1.716348e-01 8.572487e-07
1.733511e-01 8.453263e-07
1.750846e-01 8.333596e-07
1.768355e-01 8.213511e-07
1.786038e-01 8.093035e-07
1.803899e-01 7.972191e-07
1.821938e-01 7.851004e-07
1.840157e-01 7.729498e-07
1.858558e-01 7.607698e-07
1.877144e-01 7.485625e-07
1.895916e-01 7.363304e-07
1.914875e-01 7.240756e-07
1.934023e-01 7.118004e-07
1.953364e-01 6.995069e-07
1.972897e-01 6.871973e-07
1.992626e-01 6.748736e-07
2.012553e-01 6.625378e-07
2.032678e-01 6.501921e-07
2.053005e-01 6.378383e-07
2.073535e-01 6.254784e-07
2.094270e-01 6.131143e-07
2.115213e-01 6.007479e-07
2.136365e-01 5.883809e-07
2.157729e-01 5.760152e-07
2.179306e-01 5.636524e-07
2.201099e-01 5.512944e-07
2.223110e-01 5.389427e-07
2.245341e-01 5.265991e-07
2.267795e-01 5.142651e-07
2.290472e-01 5.019423e-07
2.313377e-01 4.896323e-07
2.336511e-01 4.773364e-07
2.359876e-01 4.650563e-07
2.383475e-01 4.527934e-07
2.407310e-01 4.405489e-07
2.431383e-01 4.283244e-07
2.455697e-01 4.161211e-07
2.480253e-01 4.039404e-07
2.505056e-01 3.917836e-07
2.530107e-01 3.796518e-07
2.555408e-01 3.675463e-07
2.580962e-01 3.554683e-07
2.606771e-01 3.434189e-07
2.632839e-01 3.313993e-07
2.659167e-01 3.194105e-07
2.685759e-01 3.074536e-07
2.712617e-01 2.955297e-07
2.739743e-01 2.836398e-07
2.767140e-01 2.717849e-07
2.794812e-01 2.599658e-07
2.822760e-01 2.481836e-07
2.850987e-01 2.364392e-07
2.879497e-01 2.247334e-07
2.908292e-01 2.130670e-07
2.937375e-01 2.014410e-07
2.966749e-01 1.898561e-07
2.996416e-01 1.783131e-07
3.026381e-01 1.668127e-07
3.056644e-01 1.553557e-07
3.087211e-01 1.439428e-07
3.118083e-01 1.325747e-07
3.149264e-01 1.212520e-07
3.180756e-01 1.099754e-07
3.212564e-01 9.874554e-08
3.244690e-01 8.756295e-08
3.277137e-01 7.642823e-08
3.309908e-01 6.534195e-08
3.343007e-01 5.430464e-08
3.376437e-01 4.331681e-08
3.410201e-01 3.237897e-08
3.444303e-01 2.149159e-08
3.478746e-01 1.065514e-08
3.513534e-01 -1.299556e-10
3.548669e-01 -1.086327e-08
3.584156e-01 -2.154439e-08
3.619998e-01 -3.217294e-08
3.656198e-01 -4.274854e-08
3.692759e-01 -5.327085e-08
3.729687e-01 -6.373953e-08
3.766984e-01 -7.415426e-08
3.804654e-01 -8.451473e-08
3.842700e-01 -9.482065e-08
3.881127e-01 -1.050718e-07
3.919939e-01 -1.152678e-07
3.959138e-01 -1.254085e-07
3.998729e-01 -1.354937e-07
4.038717e-01 -1.455231e-07
4.079104e-01 -1.554966e-07
4.119895e-01 -1.654139e-07
4.161094e-01 -1.752749e-07
4.202705e-01 -1.850794e-07
4.244732e-01 -1.948273e-07
4.287179e-01 -2.045185e-07
4.330051e-01 -2.141528e-07
4.373351e-01 -2.237300e-07
4.417085e-01 -2.332502e-07
4.461256e-01 -2.427132e-07
4.505868e-01 -2.521189e-07
4.550927e-01 -2.614674e-07
4.596436e-01 -2.707584e-07
4.642401e-01 -2.799921e-07
4.688825e-01 -2.891682e-07
4.735713e-01 -2.982869e-07
4.783070e-01 -3.073482e-07
4.830901e-01 -3.163519e-07
4.879210e-01 -3.252981e-07
4.928002e-01 -3.341869e-07
4.977282e-01 -3.430182e-07
5.027055e-01 -3.517921e-07
5.077325e-01 -3.605086e-07
5.128098e-01 -3.691678e-07
5.179379e-01 -3.777697e-07
5.231173e-01 -3.863144e-07
5.283485e-01 -3.948020e-07
5.336320e-01 -4.032325e-07
5.389683e-01 -4.116061e-07
5.443580e-01 -4.199227e-07
5.498016e-01 -4.281826e-07
5.552996e-01 -4.363858e-07
5.608526e-01 -4.445325e-07
5.664611e-01 -4.526227e-07
5.721257e-01 -4.606567e-07
5.778470e-01 -4.686344e-07
5.836254e-01 -4.765561e-07
5.894617e-01 -4.844219e-07
5.953563e-01 -4.922320e-07
6.013099e-01 -4.999865e-07
6.073230e-01 -5.076856e-07
6.133962e-01 -5.153294e-07
6.195302e-01 -5.229181e-07
6.257255e-01 -5.304519e-07
6.319827e-01 -5.379309e-07
6.383025e-01 -5.453554e-07
6.446856e-01 -5.527255e-07
6.511324e-01 -5.600415e-07
6.576438e-01 -5.673035e-07
6.642202e-01 -5.745117e-07
6.708624e-01 -5.816663e-07
6.775710e-01 -5.887676e-07
6.843467e-01 -5.958157e-07
6.911902e-01 -6.028108e-07
6.981021e-01 -6.097533e-07
7.050831e-01 -6.166432e-07
7.121340e-01 -6.234809e-07
7.192553e-01 -6.302665e-07
7.264478e-01 -6.370003e-07
7.337123e-01 -6.436825e-07
7.410494e-01 -6.503133e-07
7.484599e-01 -6.568930e-07
7.559445e-01 -6.634219e-07
7.635040e-01 -6.699001e-07
7.711390e-01 -6.763280e-07
7.788504e-01 -6.827056e-07
7.866389e-01 -6.890334e-07
7.945053e-01 -6.953116e-07
8.024504e-01 -7.015404e-07
8.104749e-01 -7.077200e-07
8.185796e-01 -7.138507e-07
8.267654e-01 -7.199329e-07
8.350331e-01 -7.259666e-07
8.433834e-01 -7.319523e-07
8.518172e-01 -7.378901e-07
8.603354e-01 -7.437803e-07
8.689388e-01 -7.496232e-07
8.776281e-01 -7.554191e-07
8.864044e-01 -7.611682e-07
8.952685e-01 -7.668707e-07
9.042212e-01 -7.725270e-07
9.132634e-01 -7.781374e-07
9.223960e-01 -7.837020e-07
9.316200e-01 -7.892211e-07
9.409362e-01 -7.946951e-07
9.503455e-01 -8.001242e-07
9.598490e-01 -8.055087e-07
9.694475e-01 -8.108488e-07
9.791419e-01 -8.161448e-07
9.889334e-01 -8.213970e-07
9.988227e-01 -8.266056e-07
1.008811e+00 -8.317710e-07
1.018899e+00 -8.368934e-07
1.029088e+00 -8.419731e-07
1.039379e+00 -8.470103e-07
1.049773e+00 -8.520054e-07
1.060270e+00 -8.569586e-07
1.070873e+00 -8.618701e-07
1.081582e+00 -8.667403e-07
1.092398e+00 -8.715694e-07
1.103322e+00 -8.763577e-07
1.114355e+00 -8.811054e-07
1.125498e+00 -8.858129e-07
1.136753e+00 -8.904804e-07
1.148121e+00 -8.951082e-07
1.159602e+00 -8.996965e-07
1.171198e+00 -9.042457e-07
1.182910e+00 -9.087560e-07
1.194739e+00 -9.132276e-07
1.206687e+00 -9.176608e-07
1.218753e+00 -9.220560e-07
1.230941e+00 -9.264133e-07
1.243250e+00 -9.307330e-07
1.255683e+00 -9.350155e-07
1.268240e+00 -9.392609e-07
1.280922e+00 -9.434696e-07
1.293731e+00 -9.476417e-07
1.306669e+00 -9.517777e-07
1.319735e+00 -9.558776e-07
1.332933e+00 -9.599418e-07
1.346262e+00 -9.639706e-07
1.359725e+00 -9.679642e-07
1.373322e+00 -9.719229e-07
1.387055e+00 -9.758468e-07
1.400926e+00 -9.797364e-07
1.414935e+00 -9.835918e-07
1.429084e+00 -9.874133e-07
1.443375e+00 -9.912012e-07
1.457809e+00 -9.949556e-07
1.472387e+00 -9.986770e-07
1.487111e+00 -1.002365e-06
1.501982e+00 -1.006021e-06
1.517002e+00 -1.009645e-06
1.532172e+00 -1.013236e-06
1.547494e+00 -1.016795e-06
1.562968e+00 -1.020323e-06
1.578598e+00 -1.023819e-06
1.594384e+00 -1.027284e-06
1.610328e+00 -1.030719e-06
1.626431e+00 -1.034122e-06
1.642696e+00 -1.037495e-06
1.659123e+00 -1.040838e-06
1.675714e+00 -1.044151e-06
1.692471e+00 -1.047434e-06
1.709396e+00 -1.050688e-06
1.726490e+00 -1.053913e-06
1.743754e+00 -1.057108e-06
1.761192e+00 -1.060275e-06
1.778804e+00 -1.063413e-06
1.796592e+00 -1.066523e-06
1.814558e+00 -1.069604e-06
1.832703e+00 -1.072658e-06
1.851030e+00 -1.075684e-06
1.869541e+00 -1.078683e-06
1.888236e+00 -1.081655e-06
1.907119e+00 -1.084599e-06
1.926190e+00 -1.087517e-06
1.945452e+00 -1.090408e-06
1.964906e+00 -1.093273e-06
1.984555e+00 -1.096112e-06
2.004401e+00 -1.098925e-06
2.024445e+00 -1.101712e-06
2.044689e+00 -1.104474e-06
2.065136e+00 -1.107211e-06
2.085787e+00 -1.109922e-06
2.106645e+00 -1.112609e-06
2.127712e+00 -1.115271e-06
2.148989e+00 -1.117909e-06
2.170479e+00 -1.120522e-06
2.192184e+00 -1.123112e-06
2.214105e+00 -1.125677e-06
2.236247e+00 -1.128219e-06
2.258609e+00 -1.130738e-06
2.281195e+00 -1.133233e-06
2.304007e+00 -1.135705e-06
2.327047e+00 -1.138155e-06
2.350318e+00 -1.140582e-06
2.373821e+00 -1.142986e-06
2.397559e+00 -1.145369e-06
2.421535e+00 -1.147729e-06
2.445750e+00 -1.150067e-06
2.470207e+00 -1.152384e-06
2.494909e+00 -1.154679e-06
2.519859e+00 -1.156953e-06
2.545057e+00 -1.159205e-06
2.570508e+00 -1.161437e-06
2.596213e+00 -1.163648e-06
2.622175e+00 -1.165838e-06
2.648397e+00 -1.168008e-06
2.674881e+00 -1.170158e-06
2.701629e+00 -1.172288e-06
2.728646e+00 -1.174398e-06
2.755932e+00 -1.176488e-06
2.783491e+00 -1.178559e-06
2.811326e+00 -1.180610e-06
2.839440e+00 -1.182642e-06
2.867834e+00 -1.184655e-06
2.896512e+00 -1.186649e-06
2.925478e+00 -1.188625e-06
2.954732e+00 -1.190582e-06
2.984280e+00 -1.192521e-06
3.014122e+00 -1.194441e-06
3.044264e+00 -1.196344e-06
3.074706e+00 -1.198228e-06
3.105453e+00 -1.200095e-06
3.136508e+00 -1.201944e-06
3.167873e+00 -1.203776e-06
3.199552e+00 -1.205591e-06
3.231547e+00 -1.207388e-06
3.263863e+00 -1.209169e-06
3.296501e+00 -1.210933e-06
3.329466e+00 -1.212680e-06
3.362761e+00 -1.214410e-06
3.396389e+00 -1.216125e-06
3.430352e+00 -1.217823e-06
3.464656e+00 -1.219505e-06
3.499303e+00 -1.221171e-06
3.534296e+00 -1.222821e-06
3.569639e+00 -1.224456e-06
3.605335e+00 -1.226075e-06
3.641388e+00 -1.227679e-06
3.677802e+00 -1.229268e-06
3.714580e+00 -1.230842e-06
3.751726e+00 -1.232400e-06
3.789243e+00 -1.233944e-06
3.827136e+00 -1.235474e-06
3.865407e+00 -1.236988e-06
3.904061e+00 -1.238489e-06
3.943102e+00 -1.239975e-06
3.982533e+00 -1.241447e-06
4.022358e+00 -1.242905e-06
4.062582e+00 -1.244349e-06
4.103207e+00 -1.245779e-06
4.144240e+00 -1.247196e-06
4.185682e+00 -1.248599e-06
4.227539e+00 -1.249988e-06
4.269814e+00 -1.251365e-06
4.312512e+00 -1.252728e-06
4.355637e+00 -1.254079e-06
4.399194e+00 -1.255416e-06
4.443186e+00 -1.256741e-06
4.487618e+00 -1.258053e-06
4.532494e+00 -1.259352e-06
4.577819e+00 -1.260639e-06
4.623597e+00 -1.261914e-06
4.669833e+00 -1.263177e-06
4.716531e+00 -1.264427e-06
4.763696e+00 -1.265666e-06
4.811333e+00 -1.266892e-06
4.859447e+00 -1.268107e-06
4.908041e+00 -1.269310e-06
4.957122e+00 -1.270502e-06
5.006693e+00 -1.271682e-06
5.056760e+00 -1.272851e-06
5.107327e+00 -1.274009e-06
5.158401e+00 -1.275155e-06
5.209985e+00 -1.276291e-06
5.262085e+00 -1.277416e-06
5.314705e+00 -1.278529e-06
5.367852e+00 -1.279633e-06
5.421531e+00 -1.280725e-06
5.475746e+00 -1.281807e-06
5.530504e+00 -1.282879e-06
5.585809e+00 -1.283940e-06
5.641667e+00 -1.284991e-06
5.698084e+00 -1.286032e-06
5.755064e+00 -1.287063e-06
5.812615e+00 -1.288084e-06
5.870741e+00 -1.289095e-06
5.929449e+00 -1.290096e-06
5.988743e+00 -1.291088e-06
6.048630e+00 -1.292070e-06
6.109117e+00 -1.293043e-06
6.170208e+00 -1.294006e-06
6.231910e+00 -1.294960e-06
6.294229e+00 -1.295905e-06
6.357171e+00 -1.296841e-06
6.420743e+00 -1.297767e-06
6.484951e+00 -1.298685e-06
6.549800e+00 -1.299594e-06
6.615298e+00 -1.300494e-06
6.681451e+00 -1.301385e-06
6.748266e+00 -1.302268e-06
6.815748e+00 -1.303142e-06
6.883906e+00 -1.304008e-06
6.952745e+00 -1.304865e-06
7.022272e+00 -1.305714e-06
7.092495e+00 -1.306555e-06
7.163420e+00 -1.307388e-06
7.235054e+00 -1.308212e-06
7.307405e+00 -1.309029e-06
7.380479e+00 -1.309837e-06
7.454283e+00 -1.310638e-06
7.528826e+00 -1.311431e-06
7.604115e+00 -1.312217e-06
7.680156e+00 -1.312994e-06
7.756957e+00 -1.313765e-06
7.834527e+00 -1.314527e-06
7.912872e+00 -1.315283e-06
7.992001e+00 -1.316031e-06
8.071921e+00 -1.316771e-06
8.152640e+00 -1.317505e-06
8.234166e+00 -1.318231e-06
8.316508e+00 -1.318951e-06
8.399673e+00 -1.319663e-06
8.483670e+00 -1.320368e-06
8.568507e+00 -1.321067e-06
8.654192e+00 -1.321759e-06
8.740734e+00 -1.322444e-06
8.828141e+00 -1.323122e-06
8.916422e+00 -1.323794e-06
9.005587e+00 -1.324459e-06
9.095642e+00 -1.325118e-06
9.186599e+00 -1.325770e-06
9.278465e+00 -1.326417e-06
9.371249e+00 -1.327056e-06
9.464962e+00 -1.327690e-06
9.559612e+00 -1.328317e-06
9.655208e+00 -1.328938e-06
9.751760e+00 -1.329553e-06
9.849277e+00 -1.330163e-06
9.947770e+00 -1.330766e-06
1.004725e+01 -1.331363e-06
1.014772e+01 -1.331955e-06
1.024920e+01 -1.332540e-06
1.035169e+01 -1.333121e-06
1.045521e+01 -1.333695e-06
1.055976e+01 -1.334264e-06
1.066536e+01 -1.334827e-06
1.077201e+01 -1.335385e-06
1.087973e+01 -1.335937e-06
1.098853e+01 -1.336484e-06
1.109841e+01 -1.337025e-06
1.120940e+01 -1.337562e-06
1.132149e+01 -1.338093e-06
1.143471e+01 -1.338619e-06
1.154905e+01 -1.339139e-06
1.166454e+01 -1.339655e-06
1.178119e+01 -1.340165e-06
1.189900e+01 -1.340671e-06
1.201799e+01 -1.341172e-06
1.213817e+01 -1.341668e-06
1.225955e+01 -1.342158e-06
1.238215e+01 -1.342645e-06
1.250597e+01 -1.343126e-06
1.263103e+01 -1.343603e-06
1.275734e+01 -1.344075e-06
1.288491e+01 -1.344542e-06
1.301376e+01 -1.345005e-06
1.314390e+01 -1.345463e-06
1.327534e+01 -1.345917e-06
1.340809e+01 -1.346366e-06
1.354217e+01 -1.346811e-06
1.367759e+01 -1.347252e-06
1.381437e+01 -1.347688e-06
1.395251e+01 -1.348120e-06
1.409204e+01 -1.348548e-06
1.423296e+01 -1.348971e-06
1.437529e+01 -1.349391e-06
1.451904e+01 -1.349806e-06
1.466423e+01 -1.350217e-06
1.481087e+01 -1.350625e-06
1.495898e+01 -1.351028e-06
1.510857e+01 -1.351427e-06
1.525966e+01 -1.351823e-06
1.541226e+01 -1.352214e-06
1.556638e+01 -1.352602e-06
1.572204e+01 -1.352986e-06
1.587926e+01 -1.353366e-06
1.603805e+01 -1.353742e-06
1.619844e+01 -1.354115e-06
1.636042e+01 -1.354484e-06
1.652402e+01 -1.354849e-06
1.668926e+01 -1.355211e-06
1.685616e+01 -1.355569e-06
1.702472e+01 -1.355924e-06
1.719497e+01 -1.356275e-06
1.736691e+01 -1.356623e-06
1.754058e+01 -1.356968e-06
1.771599e+01 -1.357309e-06
1.789315e+01 -1.357646e-06
1.807208e+01 -1.357981e-06
1.825280e+01 -1.358312e-06
1.843533e+01 -1.358640e-06
1.861968e+01 -1.358964e-06
1.880588e+01 -1.359286e-06
1.899394e+01 -1.359604e-06
1.918388e+01 -1.359919e-06
1.937572e+01 -1.360231e-06
1.956947e+01 -1.360540e-06
1.976517e+01 -1.360846e-06
1.996282e+01 -1.361149e-06
2.016245e+01 -1.361449e-06
2.036407e+01 -1.361746e-06
2.056771e+01 -1.362040e-06
2.077339e+01 -1.362331e-06
2.098113e+01 -1.362620e-06
2.119094e+01 -1.362905e-06
2.140285e+01 -1.363188e-06
2.161687e+01 -1.363468e-06
2.183304e+01 -1.363745e-06
2.205137e+01 -1.364020e-06
2.227189e+01 -1.364291e-06
2.249461e+01 -1.364560e-06
2.271955e+01 -1.364827e-06
2.294675e+01 -1.365091e-06
2.317622e+01 -1.365352e-06
2.340798e+01 -1.365611e-06
2.364206e+01 -1.365867e-06
2.387848e+01 -1.366120e-06
2.411726e+01 -1.366371e-06
2.435844e+01 -1.366620e-06
2.460202e+01 -1.366866e-06
2.484804e+01 -1.367110e-06
2.509652e+01 -1.367351e-06
2.534749e+01 -1.367590e-06
2.560096e+01 -1.367827e-06
2.585697e+01 -1.368061e-06
2.611554e+01 -1.368293e-06
2.637669e+01 -1.368523e-06
2.664046e+01 -1.368750e-06
2.690687e+01 -1.368976e-06
2.717594e+01 -1.369199e-06
2.744769e+01 -1.369419e-06
2.772217e+01 -1.369638e-06
2.799939e+01 -1.369855e-06
2.827939e+01 -1.370069e-06
2.856218e+01 -1.370281e-06
2.884780e+01 -1.370491e-06
2.913628e+01 -1.370699e-06
2.942764e+01 -1.370905e-06
2.972192e+01 -1.371109e-06
3.001914e+01 -1.371311e-06
3.031933e+01 -1.371511e-06
3.062252e+01 -1.371709e-06
3.092875e+01 -1.371905e-06
3.123804e+01 -1.372100e-06
3.155042e+01 -1.372292e-06
3.186592e+01 -1.372482e-06
3.218458e+01 -1.372671e-06
3.250643e+01 -1.372857e-06
3.283149e+01 -1.373042e-06
3.315981e+01 -1.373225e-06
3.349140e+01 -1.373406e-06
3.382632e+01 -1.373585e-06
3.416458e+01 -1.373763e-06
3.450623e+01 -1.373939e-06
3.485129e+01 -1.374113e-06
3.519980e+01 -1.374285e-06
3.555180e+01 -1.374456e-06
3.590732e+01 -1.374625e-06
3.626639e+01 -1.374792e-06
3.662905e+01 -1.374958e-06
3.699535e+01 -1.375122e-06
3.736530e+01 -1.375285e-06
3.773895e+01 -1.375445e-06
3.811634e+01 -1.375605e-06
3.849750e+01 -1.375762e-06
3.888248e+01 -1.375919e-06
3.927130e+01 -1.376073e-06
3.966402e+01 -1.376226e-06
4.006066e+01 -1.376378e-06
4.046126e+01 -1.376528e-06
4.086588e+01 -1.376676e-06
4.127454e+01 -1.376823e-06
4.168728e+01 -1.376969e-06
4.210415e+01 -1.377113e-06
4.252520e+01 -1.377256e-06
4.295045e+01 -1.377398e-06
4.337995e+01 -1.377538e-06
4.381375e+01 -1.377676e-06
4.425189e+01 -1.377813e-06
4.469441e+01 -1.377949e-06
4.514135e+01 -1.378084e-06
4.559277e+01 -1.378217e-06
4.604869e+01 -1.378349e-06
4.650918e+01 -1.378480e-06
4.697427e+01 -1.378609e-06
4.744401e+01 -1.378737e-06
4.791845e+01 -1.378864e-06
4.839764e+01 -1.378989e-06
4.888162e+01 -1.379114e-06
4.937043e+01 -1.379237e-06
4.986414e+01 -1.379358e-06
5.036278e+01 -1.379479e-06
5.086640e+01 -1.379599e-06
5.137507e+01 -1.379717e-06
5.188882e+01 -1.379834e-06
5.240771e+01 -1.379950e-06
5.293178e+01 -1.380065e-06
5.346110e+01 -1.380178e-06
5.399571e+01 -1.380291e-06
5.453567e+01 -1.380402e-06
5.508103e+01 -1.380513e-06
5.563184e+01 -1.380622e-06
5.618816e+01 -1.380730e-06
5.675004e+01 -1.380837e-06
5.731754e+01 -1.380943e-06
5.789071e+01 -1.381048e-06
5.846962e+01 -1.381152e-06
5.905432e+01 -1.381255e-06
5.964486e+01 -1.381357e-06
6.024131e+01 -1.381458e-06
6.084372e+01 -1.381558e-06
6.145216e+01 -1.381657e-06
6.206668e+01 -1.381755e-06
6.268735e+01 -1.381852e-06
6.331422e+01 -1.381948e-06
6.394736e+01 -1.382043e-06
6.458684e+01 -1.382137e-06
6.523271e+01 -1.382230e-06
6.588503e+01 -1.382323e-06
6.654388e+01 -1.382414e-06
6.720932e+01 -1.382504e-06
6.788141e+01 -1.382594e-06
6.856023e+01 -1.382683e-06
6.924583e+01 -1.382770e-06
6.993829e+01 -1.382857e-06
7.063767e+01 -1.382944e-06
7.134405e+01 -1.383029e-06
7.205749e+01 -1.383113e-06
7.277806e+01 -1.383197e-06
7.350584e+01 -1.383279e-06
7.424090e+01 -1.383361e-06
7.498331e+01 -1.383443e-06
7.573315e+01 -1.383523e-06
7.649048e+01 -1.383602e-06
7.725538e+01 -1.383681e-06
7.802794e+01 -1.383759e-06
7.880821e+01 -1.383836e-06
7.959630e+01 -1.383913e-06
8.039226e+01 -1.383988e-06
8.119618e+01 -1.384063e-06
8.200814e+01 -1.384137e-06
8.282823e+01 -1.384211e-06
8.365651e+01 -1.384284e-06
8.449307e+01 -1.384356e-06
8.533800e+01 -1.384427e-06
8.619138e+01 -1.384497e-06
8.705330e+01 -1.384567e-06
8.792383e+01 -1.384637e-06
8.880307e+01 -1.384705e-06
8.969110e+01 -1.384773e-06
